ID;NOM
1000;PARIS-EST a MULHOUSE-VILLE
1306;RAC L'EVANGILE
1379;RAC EST LIGNE EOLE a PARIS EST-MULHOUSE
2000;GRETZ-ARMAINVILLIERS a SEZANNE
3000;LONGUEVILLE a ESTERNAY
4000;MEZY a ROMILLY
5000;PARIS a STRASBOURG ( TGV EST )
5300;RAC TROYES-PREIZE No 1 ET 4
5315;L 5315
5317;L 5317
5329;L 5329
5330;L 5330
5340;L 5340
5341;L 5341
5343;L 5343
5345;L 5345
5390;Raccordement de Vendenheim
6000;COOLUS a SENS
7000;FERE-CHAMPENOISE a VITRY-LE-FRANCOIS
10000;OIRY-MAREUIL a ROMILLY-SUR-SEINE
12000;TROYES a BRIENNE-LE-CHATEAU
13000;VALENTIGNY a VITRY-LE-FRANCOIS
14000;LGV RHIN-RHONE
14300;RACCORDEMENT OUEST BESANCON (LGV)
14330;RACCORDEMENT DE PETIT - CROIX
15000;JESSAINS a SORCY
20000;BLESME-HAUSSIGNEMONT a CHAUMONT
22300;RAC BLESME-HAUSSIGNEMONT
26000;BOLOGNE a PAGNY-SUR-MEUSE
27000;NANCOIS-TRONVILLE a NEUFCHATEAU
30000;NEUFCHATEAU a EPINAL
32000;CULMONT-CHALINDREY a TOUL
33000;LANGRES a ANDILLY
35000;MERREY a HYMONT-MATTAINCOURT
39000;TOUL a ROSIERES-AUX-SALINES
39306;RAC NEUVES-MAISONS NO 1
40000;JARVILLE-LA-MALGRANGE a MIRECOURT
40306;RAC NEUVES-MAISONS NO 2
41000;BARISEY-LA-COTE a FRENELLE-LA-GRANDE
42000;BLAINVILLE-DAMELEVIERES a LURE
51000;JUSSEY a DARNIEULLES-UXEGNEY
54000;CORBENAY a FAYMONT
55000;BAS-EVETTE a GIROMAGNY
60000;EPINAL a BUSSANG
62000;ARCHES a SAINT-DIE
63000;LAVELINE-DEVANT-BRUYERES a GERARDMER
64000;SAINT-LEONARD a FRAIZE
65000;MONT-SUR-MEURTHE a BRUYERES
67000;LUNEVILLE a SAINT-DIE
70000;NOISY-LE-SEC a STRASBOURG-VILLE
70331;RAC TOUL NO 1
70336;RAC FROUARD
70346;RAC STRASBOURG-CRONENBOURG a STRASBOURG-VILLE
70908;BOUCLE DE VAIRES
70953;SAUT-DE-MOUTON DE TOUL
71000;ESBLY a CRECY-LA-CHAPELLE
72000;TRILPORT a BAZOCHES
72311;L 72311
74000;EPERNAY a REIMS
74306;RAC EPERNAY
76000;AULNAY-SOUS-BOIS a ROISSY AEROPORT
78000;CHAMPIGNEULLES a HOUDEMONT
81000;CHALONS-SUR-MARNE a REIMS-CERES
81311;RAC REIMS NO 3
81316;RAC REIMS NO 1
82000;REIMS a LAON
85000;SAINT-HILAIRE-AU-TEMPLE a HAGONDANGE
85306;RAC MONDELANGE
86000;CONFLANS-JARNY a METZ-VILLE
88000;LEROUVILLE a PONT-MAUGIS
89000;LEROUVILLE a METZ-VILLE
89306;RAC LEROUVILLE NO 2
90000;FROUARD a NOVEANT
94300;RAC WAVILLE
95000;LONGUYON a ONVILLE ET PAGNY-SUR-MOSELLE
97000;CHAMPIGNEULLES a SARRALBE
99000;METZ-VILLE a CHATEAU-SALINS
100000;NOUVEL-AVRICOURT a BENESTROFF
110000;STRASBOURG-VILLE a SAINT-DIE
110306;RAC STRASBOURG a KOENIGSHOFFEN-NORD
110311;RAC STRASBOURG a KOENIGSHOFFEN-SUD
111000;SELESTAT a SAVERNE
114300;RAC SARREBOURG a SARRALTROFF
115000;STRASBOURG-VILLE a SAINT-LOUIS
115306;RAC MULHOUSE-DORNACH a MULHOUSE-N
116000;SELESTAT a LESSEUX-FRAPELLE
119000;COLMAR-CENTRAL a METZERAL
120000;COLMAR-CENTRAL a NEUF-BRISACH
121000;COLMAR-SUD a BOLLWILLER
122000;BOLLWILLER a LAUTENBACH
123000;NEUF-BRISACH a BANTZENHEIM
124000;MULHOUSE-VILLE a CHALAMPE
125000;LUTTERBACH a RIXHEIM
125306;RAC WANNE BIFUR. a MULHOUSE-VILLE
130000;LUTTERBACH a KRUTH
134000;ALTKIRCH a FERRETTE
135000;WALDIGHOFEN a SAINT-LOUIS-LA-CHAUSSEE
136000;SAINT-LOUIS a HUNINGUE
138000;GRAFFENSTADEN a HAUSBERGEN
139300;RAC HAUSBERGEN a STRASBOURG-CRONENBOURG - V1C
139301;RAC HAUSBERGEN a STRASBOURG-CRONENBOURG V H
139302;RAC STRASBOURG-CRONENBOURG a STRASBOURG-KOEN.
140000;REDING a METZ-VILLE
140370;RAC de Lucy
141000;GRAFFENSTADEN a STRASBOURG-NEUDORF
141306;RAC STRASBOURG-NEUDORF a STRASBOURG-KOENIGSH.
142000;STRASBOURG-VILLE a STRASBOURG-PORT-DU-RHIN
145000;STRASBOURG a LAUTERBOURG
145306;RAC BISCHHEIM
146000;VENDENHEIM a WISSEMBOURG
150000;HAGUENAU a ROESCHWOOG ET FRONTIERE
153000;MERTZWILLER a SELTZ
159000;HAGUENAU a HARGARTEN-FALCK
160000;STEINBOURG a SCHWEIGHOUSE
161000;MOMMENHEIM a SARREGUEMINES
163000;SARREGUEMINES VERS SARREBRUCK
167000;REDING a DIEMERINGEN
167320;Raccordement de Redding
168000;BERTHELMING a SARREGUEMINES
169000;KALHAUSEN a SARRALBE
169306;RAC KALHAUSEN
170000;SARREGUEMINES a BLIESBRUCK
172000;REMILLY a STIRING-WENDEL
174000;METZ-VILLE a LA FRONTIERE ALLEMANDE
176000;BOUZONVILLE a GUERSTLING
177000;THIONVILLE a ANZELING
178000;THIONVILLE a APACH
180000;METZ-VILLE a ZOUFFTGEN
180611;VOIE-MERE DE WOIPPY NO 2
186000;BETTEMBOURG a AUDUN-LE-TICHE
191300;RAC METZ-VILLE a METZ-MARCHANDISE
192000;CEINTURE DE METZ
194000;KNUTANGE-NILVANGE a ALGRANGE-ROCHONVILLERS
198300;RAC UCKANGE
202000;LONGUYON a MONT-SAINT-MARTIN (ATHUS)
202100;LONGUYON a MONT-SAINT-MARTIN (LUXEMBOURG)
203000;LONGWY a VILLERUPT-MICHEVILLE
204000;MOHON a THIONVILLE
205000;SOISSONS a GIVET
205311;RAC MOHON
205316;RAC MEZIERES-CHARLEVILLE
206950;SAUT-DE-MOUTON DE BAZANCOURT
207000;BAZANCOURT a CHALLERANGE
210000;AMAGNE-LUCQUY a REVIGNY
212000;HIRSON a AMAGNE-LUCQUY
214000;CARIGNAN a MESSEMPRE
216000;FRETIN a FRETHUN (LGV NORD-EUROPE)
216302;RAC FRETIN
216308;RAC CASSEL
216310;RACCORDEMENT SUD DE FRETHUN
216312;RACCORDEMENT NORD DE FRETHUN
216400;EUROTUNNEL
216410;ET Folkestone 1
216420;L 216420
216430;L 216430
216440;ET Folkestone 2
216500;UK HS1
218000;BARONCOURT a AUDUN-LE-ROMAN
220000;VALLEROY-MOINEVILLE a VILLERUPT-MICHEVILLE
222000;LIART a TOURNES
223000;MEZIERES-CHARLEVILLE a HIRSON
226000;GONESSE a FRONTIERE BELGE (LGV NORD-EUROPE)
226301;RAC VEMARS
226303;RAC LONGUEIL (LGV NORD-EUROPE)
226305;RAC HATTENCOURT
226306;RAC ARRAS-SUD
226309;RAC ARRAS-NORD
226310;RAC INTERCONNEXION NORD-SUD (LGV)
226320;L 226320
226321;L 226321
226500;BRUXELLES a FRONTIERE BELGE ( LGV NORD-EUROPE )
228000;LAON a LIART
229000;LA PLAINE a HIRSON
229306;RAC DU BOURGET
229606;VOIE-MERE DE LE BOURGET (GARONOR)
232000;ORMOY-VILLERS a BOVES
236000;LAON a LE CATEAU
238000;BUSIGNY a HIRSON
240000;MAUBEUGE a FOURMIES
242000;CREIL a JEUMONT
242626;VOIE-MERE DE ST-QUENTIN (ORIGNY-ST-BENOITE)
243300;RAC RIVECOURT-SUD
243301;RAC D'AGEUX
245300;RAC RIVECOURT-NORD
246300;RAC JUSSY
247000;HAUTMONT a FEIGNIES ET FRONTIERE
247306;RAC SOUS-LE-BOIS
248000;COMPIEGNE a ROYE-FAUBOURG-SAINT-GILLES
250000;BUSIGNY a SOMAIN
250306;RAC CAMBRAI-SUD
250311;RAC CAMBRAI-NORD
253000;VALENCIENNES FAUBOURG DE PARIS a HAUTMONT
254000;LOURCHES a VALENCIENNES
255000;SAINT-AMAND-LES-EAUX a BLANC-MISSERON
256000;DENAIN a SAINT-AMAND-LES-EAUX
257000;SAINT-AMAND-LES-EAUX a MAULDE-MORTAGNE
258000;AUBIGNY-AU-BAC a SOMAIN
259000;SAINT-JUST-EN-CHAUSSEE a DOUAI
261000;AMIENS a LAON
261306;RAC LAMOTTE
262000;DOUAI a BLANC-MISSERON
263300;RAC BEUVRAGES
266300;RAC LEZENNES
267000;FIVES a HIRSON
267306;RAC AULNOYE
268000;SOMAIN a HALLUIN
269000;FIVES a BAISIEUX
271000;ROUBAIX-WATTRELOS a WATTRELOS
272000;PARIS-NORD a LILLE
272306;RAC LA CHAPELLE SAINT-DENIS
272311;RAC LA CHAPELLE-CHARBONS
272316;RAC LA PLAINE
272321;RAC PIERREFITTE
272326;RAC DOUAI
272646;VOIE-MERE DE PONT-DE-LA-DEULE a THUMERIES
272953;SAUT-DE-MOUTON DE SAINT-DENIS
273300;RAC RONCHIN
278000;FIVES a MOUSCRON
278306;RAC ROUGEBARRE
281000;LENS a CORBEHEM
284000;LENS a OSTRICOURT
284306;RAC SALLAUMINES
284311;RAC LIBERCOURT
286000;LENS a DON-SAINGHIN
289000;FIVES a ABBEVILLE
289306;RAC SANTES
290000;BEUVRY a BETHUNE-RIVAGE
292000;HAUBOURDIN a SAINT-ANDRE
292306;RAC SAINT-ANDRE
293000;WAVRIN a ARMENTIERES
294000;ARMENTIERES a ARQUES
295000;LILLE a LES FONTINETTES
296000;LA MADELEINE a COMINES-FRANCE
298000;ARMENTIERES a HOUPLINES
299000;HAZEBROUCK a BOESCHEPE
300000;DUNKERQUE LOCALE a BRAY-DUNES
301000;ARRAS a DUNKERQUE LOCALE
301301;RAC D'AVION
301306;RAC L'YSER
302506;RAC DUNKERQUE-OUEST
302511;VOIE DU PORT RAPIDE - DUNKERQUE
302521;VOIE DES QUAIS a PONDEREUX-OUEST
302526;BOUCLE DE DUNKERQUE
302536;RAC GRANDE-SYNTHE
304000;COUDEKERQUE-BRANCHE a LES FONTINETTES
305000;SAINT-ROCH a FREVENT
306000;DOULLENS a ARRAS
307000;ARRAS a SAINT-POL
308000;SAINT-POL a ETAPLES
309000;BULLY-GRENAY a BRIAS
310000;SAINT-OMER a HESDIGNEUL
311000;LONGUEAU a BOULOGNE-VILLE
312300;RAC OUTREAU - POSTE 1 a L'HOVERPO
312311;RAC BOULOGNE-MARITIME
314000;BOULOGNE-VILLE a CALAIS-MARITIME
314306;RAC DES FONTINETTES
315000;MONTSOULT-MAFFLIERS a LUZARCHES
316000;CREIL a BEAUVAIS
317000;ROCHY-CONDE a SOISSONS
319000;BRETEUIL-EMBRANCHEMENT a BRETEUIL-VILLE
321000;SAINT-ROCH a DARNETAL BIFUR.
322000;CANAPLES a LONGROY-GAMACHES
323000;ABBEVILLE a EU
325000;EPINAY-VILLETANEUSE a LE TREPORT-MERS
326000;LA BIF. DE NEUVILLE
328000;ERMONT-EAUBONNE a VALMONDOIS
329000;PIERRELAYE a CREIL
330000;SAINT-DENIS a DIEPPE
331300;RAC D'EPLUCHES
332000;BEAUVAIS a GISORS-EMBRANCHEMENT
333000;GOINCOURT a GOURNAY-FERRIERES
334000;PARIS-SAINT-LAZARE a MANTES-STATION
334301;RACCORDEMENT DE SOULEZARD
334302;RACCORDEMENT DU VAL NOTRE-DAME
334900;VOIES DU GROUPE IV DE LA LIGNE DE P.S.L.
335300;RAC 2 J DES AMBASSADEURS
335301;RAC 2 R DES AMBASSADEURS
335302;RAC 1 J DES AMBASSADEURS
335303;RAC ACHERES VOIE 1A
335304;RAC ACHERES VOIE 2A
336000;CONFLANS-SAINTE-HONORINE a ERAGNY-NEUVILLE
336306;RAC FIN D'OISE
337300;RAC D'ERAGNY
338000;ACHERES a PONTOISE
340000;PARIS-SAINT-LAZARE a LE HAVRE
340306;RAC BEZONS
340309;RAC SOTTEVILLE
340311;RAC ROUEN-MARTAINVILLE
341116;EMBR MARITIME EST DU PORT DU HAVRE
341300;RAC MARITIME DU HAVRE
341306;RAC GRAVILLE 1
341311;RAC GRAVILLE 2
341500;VOIES DU PORT DE LE HAVRE
342000;GISORS-EMBRANCHEMENT a PONT-DE-L'ARCHE
350000;MALAUNAY-LE-HOULME a DIEPPE
351000;BARENTIN a CAUDEBEC-EN-CAUX
353300;RAC CLERES
354000;MONTEROLIER-BUCHY a MOTTEVILLE
356000;ROUXMESNIL a EU
357000;DIEPPE a FECAMP
358000;MOTTEVILLE a SAINT-VALERY-EN-CAUX
359000;BREAUTE-BEUZEVILLE a FECAMP
361000;LE HAVRE-GRAVILLE a LES IFS
362000;BREAUTE-BEUZEVILLE a GRAVENCHON-PORT-JEROME
365000;ROUEN-GAUCHE a PETIT-COURONNE
365501;VOIES DU PORT DE ROUEN-RIVE-GAUCHE
365502;VOIES DU PORT DE ROUEN RIVE GAUCHE
366000;MANTES-LA-JOLIE a CHERBOURG
366306;RAC DES PIQUETTES
366311;RAC MEZIDON
367300;RAC D'EAUPLET
368300;RAC SOTTEVILLE a DARNETAL
368301;RAC DARNETAL a ROUEN-RIVE-DROITE
369000;SOTTEVILLE a ROUEN-RIVE-GAUCHE
370000;SAINT-GEORGES-MOTEL a ROUEN-ORLEANS
371000;EVREUX-EMBRANCHEMENT a ACQUIGNY
372000;SERQUIGNY a OISSEL
374300;RAC SERQUIGNY
375000;EVREUX-EMBRANCHEMENT a QUETTEVILLE
376000;SAINT-PIERRE-DU-VAUVRAY a LOUVIERS
377000;LISIEUX a HONFLEUR
379000;MEZIDON a TROUVILLE-DEAUVILLE
380000;CAEN a DOZULE-PUTOT
390000;LISIEUX a TROUVILLE-DEAUVILLE
395000;SAINT-CYR a SURDON
395306;RAC SAINT-CYR
396000;PLAISIR-GRIGNON a EPONE-MEZIERES
396306;RAC D'EPONE
397000;DREUX a SAINT-AUBIN DU VIEIL EVREUX
405000;ARGENTAN a GRANVILLE
408000;LIGNE BRETAGNE-PAYS DE LA LOIRE (LGV)
408305;RAC CONNERRE FRET
408315;RAC LA MILESSE FRET
408320;RAC LA MILESSE VOYAGEURS V1
408321;RAC LA MILESSE VOYAGEURS V2
408340;Raccordement de Sabl?-sur-Sarthe
408345;Raccordement de la Virgule de Sabl?-sur-Sarthe
408360;Raccordement de Lavar-Est
408370;Raccordement de Laval-Ouest
409000;CHARTRES a DREUX
412000;CAEN a CERISI-BELLE-ETOILE
414000;SAINT-LO a GUILBERVILLE
415000;LISON a LAMBALLE
418000;CARENTAN a CARTERET
420000;PARIS-MONTPARNASSE a BREST
420306;RAC PONTLIEUE
421300;RAC BREST
422000;LA LOUPE a PREY
428000;SILLE-LE-GUILLAUME a LA HUTTE-COULOMBIERS
429000;VOVES a LA MILESSE-LA BAZOGE (LGV ATLANTIQUE)
429310;RAC CONNERE SUD
430000;LE MANS a MEZIDON
431000;MASSY-PALAISEAU a MONTS (LGV ATLANTIQUE)
431300;RAC MASSY
431302;RAC AUNEAU (LGV ATLANTIQUE)
431305;RAC COURTALAIN (LGV ATLANTIQUE)
431310;RAC ST AMAND - LONGPRE
431315;RAC ST PIERRE DES CORPS
431320;RAC MONTLOUIS
432000;ALENCON a DOMFRONT
439000;VITRE a PONTORSON
441000;RENNES a SAINT-MALO-SAINT-SERVAN
445000;SAINT-BRIEUC a LE LEGUE
446000;PLOUARET a LANNION
447000;MORLAIX a ROSCOFF
450000;LE MANS a ANGERS-MAITRE-ECOLE
450306;RAC LA PLUMASSERIE
451300;RAC LA DUBOISIERE
451311;RAC SAINT-GEORGES
457000;SEGRE a NANTES-ETAT
457306;RAC DES AMERICAINS (NANTES)
459300;RAC BESNE-PONTCHATEAU
460000;SABLE a MONTOIR DE BRETAGNE
466000;CHATEAUBRIANT a RENNES
468000;RENNES a REDON
468306;RAC REDON
470000;SAVENAY a LANDERNEAU
472000;PLOERMEL a LA BROHINIERE
473000;AURAY a QUIBERON
474000;AURAY a PONTIVY
475000;SAINT-BRIEUC a PONTIVY
476000;ROSPORDEN a CONCARNEAU
477000;QUIMPER a PONT-L'ABBE
485000;GUINGAMP a CARHAIX
486000;GUINGAMP a PAIMPOL
499500;VOIE DU PORT DE LORIENT 1
500000;CHARTRES a BORDEAUX-SAINT-JEAN
500306;RAC BEILLANT
503300;RAC BORDEAUX-BASTIDE a BORDEAUX-BENAUGE
508000;AUBIGNE-RACAN a SABLE
509000;L'AUBINIERE a LA SUZE
510000;LA FLECHE a VIVY
512300;RAC ECOUFLANT
514300;RAC DES 2 GARES
514316;RAC NANTES
515000;TOURS a SAINT-NAZAIRE
516000;SAINT-NAZAIRE a LE CROISIC
518000;SEGRE a ANGERS-SAINT-SERGE
518325;RAC MONTREUIL-BELFROI
519000;NANTES-ORLEANS a CHATEAUBRIANT
523000;LA POSSONNIERE a NIORT
524000;NEUVILLE-DE-POITOU a BRESSUIRE
525000;LES-SABLES-D'OLONNE a TOURS
526000;VOUVANT-CEZAIS a SAINT-CHRISTOPHE-DU-BOIS
527000;CLISSON a CHOLET
529000;FONTENAY-LE-COMTE a BENET
530000;NANTES-ORLEANS a SAINTES
534000;NANTES-ETAT a LA ROCHE-SUR-YON PAR ST-PAZANNE
534311;RAC COMMEQUIERS
535000;COMMEQUIERS a CROIX-DE-VIE-SAINT-GILLES
536000;SAINTE-PAZANNE a PORNIC
537000;SAINT-HILAIRE-DE-CHALEONS a PAIMBOEUF
538000;SAINT-BENOIT a LA ROCHELLE-VILLE
538310;Raccordement R2FS de Fontaine - Le Compte Sud
538311;Raccordement R1FS de Fontaine - Le Compte Sud
538315;Raccordement de Fontaine - Le - Compte Nord
539000;LA ROCHELLE-VILLE a LA ROCHELLE-PALLICE
544000;SAINTES a ROYAN
546000;PONS a SAUJON
547000;SAINT-MARIENS-SAINT-YZAN a BLAYE
550000;BRETIGNY a LA MEMBROLLE-SUR-CHOISILLE
553000;OUEST-CEINTURE a CHARTRES
555000;BEAULIEU-LE-COUDRAY a AUNEAU-EMBRANCHEMENT
556000;CHARTRES a ORLEANS
556606;VOIE-MERE DE CHARTRES-LE LUCE
557000;VOVES a TOURY
558000;COURTALAIN-SAINT-PELLERIN a PATAY
559000;PONT-DE-BRAYE a BLOIS
561000;TOURS a LE MANS
561311;RAC DES FONTAINES (LE MANS)
561316;RAC LA CLARTE
562300;RAC SAINT-PIERRE-DES-CORPS VERS NANTES
563300;RAC SAINT-PIERRE-DES-CORPS a TOURS
564300;RAC TOURS a MONTS
566000;Ligne SEA-Atlantique (LGV) 
568000;LORMONT a BORDEAUX-BASTIDE
569000;LES AUBRAIS-ORLEANS a ORLEANS
569300;RAC D'ORLEANS VERS TOURS
569301;RAC D'ORLEANS VERS VIERZON
570000;PARIS-AUSTERLITZ a BORDEAUX-SAINT-JEAN
570306;RAC PARIS-TOLBIAC
570321;RAC LA GRAVE-D'AMBARES
570345;Raccordement de Monts-Sud
570350;Raccordement de la Celle Saint-Avant
570360;Raccordement de Migne-Auxances
570380;Raccordement de Juill?
570385;Raccordement de Villognon
570390;Raccordement de la Couronne
571000;PORT-BOULET a PORT-DE-PILES
573000;LOUDUN a CHATELLERAULT
574000;POITIERS a ARCAY
578000;AIFFRES a RUFFEC
579000;BEILLANT a ANGOULEME
580000;CHATEAUNEUF-SUR-CHARENTE a SAINT-MARIENS
583000;BASSENS a BEC-D'AMBES
584000;BORDEAUX-SAINT-LOUIS a POINTE-DE-GRAVE
586000;CEINTURE DE BORDEAUX
587300;RAC BONNAOUS a BEYREMAN
590000;LES AUBRAIS-ORLEANS a MONTAUBAN-VILLE-BOURBON
590306;RAC LIMOGES-PUY-IMBERT a LIMOGES-MONTJOVIS
591000;VILLEFRANCHE-SUR-CHER a BLOIS
593000;VIERZON a SAINT-PIERRE-DES-CORPS
594000;JOUE-LES-TOURS a CHATEAUROUX
598000;PORT-DE-PILES a ARGENTON-SUR-CREUSE
600000;SALBRIS a LE BLANC
601000;SAINT-BENOIT a LE BLANC
604000;MIGNALOUX-NOUAILLE a BERSAC
606000;LE DORAT a LIMOGES-BENEDICTINS
607000;LUSSAC-LES-CHATEAUX a SAINT-SAVIOL
610000;LIMOGES-BENEDICTINS a ANGOULEME
611000;LIMOGES-BENEDICTINS a PERIGUEUX
613000;NEXON a BRIVE-LA-GAILLARDE
621000;COUTRAS a TULLE
628000;SIORAC-EN-PERIGORD a CAZOULES
629000;LIBOURNE a LE BUISSON
631000;NIVERSAC a AGEN
632000;MONSEMPRON-LIBOS a CAHORS
634000;PENNE a TONNEINS
637000;BORDEAUX-BENAUGE a LA SAUVETAT DU DROPT
640000;BORDEAUX-SAINT-JEAN a SETE-VILLE
640100;COLOMBIERS a CAZOULS-LES-BEZIERS
640306;RAC BORDEAUX-SAINT-JEA
640311;RAC SAINT-JORY-TRIAGE a CAPDENAC
641000;LANGON-GABARRET
642000;MARMANDE a MONT-DE-MARSAN
643000;PORT-SAINTE-MARIE a RISCLE
644000;NERAC a MONT-DE-MARSAN
647000;BON-ENCONTRE a VIC-BIGORRE
648000;SAINT-AGNE a AUCH
649000;CASTELSARRASIN a BEAUMONT DE LOMAGNE
650000;TOULOUSE a BAYONNE
652000;MORCENX a BAGNERES DE BIGORRE
653000;SAINT-SEVER a HAGETMAU
654000;DAX a MONT-DE-MARSAN
655000;BORDEAUX-SAINT-JEAN a IRUN
656000;PUYOO a DAX
657000;LAMOTHE a ARCACHON
658000;BAYONNE a ALLEES-MARINES
660000;BAYONNE a SAINT-JEAN-PIED-DE-PORT
661000;OSSES-SAINT-MARTIN-D'ARROSSA a ST-ETIENNE.
662000;PUYOO a MAULEON
664000;PAU a CANFRANC
665000;BUZY-EN-BEARN a LARUNS-EAUX-BONNES-EAUX-CHAU.
666000;LOURDES a PIERREFITE-NESTALAS
667000;LANNEMEZAN a ARREAU-CADEAC
668000;MONTREJEAU-GOURDAN-POLIGNAN a LUCHON
669000;VILLEFRANCHE-VERNET-LES-BAINS a LA-TOUR-DE-C.
670000;BOUSSENS a SAINT-GIRONS
672000;PORTET-SAINT-SIMON a PUIGCERDA 
676000;CARCASSONNE a RIVESALTES
677000;NARBONNE a PORT-BOU
677306;RAC NARBONNE-TRIANGLE
677506;VOIES DE PORT DE PORT-LA-NOUVELLE
678300;RAC PORT-VENDRES-VILLE a PORT-VENDRES-QUAIS
678500;VOIES DE PORT DE PORT-VENDRES-QUAIS
679000;PERPIGNAN a VILLEFRANCHE-VERNET-LES-BAINS
680000;ELNE a ARLES-SUR-TECH
681000;LA GUERCHE a MARSEILLES-LES-AUBIGNY
682000;AUXY-JURANVILLE a BOURGES
683000;LES AUBRAIS-ORLEANS a MALESHERBES
684000;ETAMPES a BEAUNE-LA-ROLANDE
685000;GIEN a ARGENT
686000;LES AUBRAIS-ORLEANS a MONTARGIS
687000;ORLEANS a GIEN
689000;SAINT-GERMAIN-DU-PUY a COSNE
690000;VIERZON a SAINCAIZE
690306;RAC BOURGES AU POSTE C DE PONT-VERT
692100;SAINT-SATUR a SAINT-SATUR GARE D'EAU
694000;PAULHAN a MONTPELLIER
695000;BOURGES a MIECAZE
696000;CHATEAUROUX a LA-VILLE-GOZET
698000;LA CHATRE a GUERET
699000;CHAMPILLET-URCIERS a LA VAUFRANCHE
701000;CAPDENAC a RODEZ
702000;MONTLUCON a SAINT-SULPICE-LAURIERE
703000;VIEILLEVILLE a BOURGANEUF
705000;MONTLUCON a MOULINS-SUR-ALLIER
707000;COMMENTRY a GANNAT
709000;LAPEYROUSE a VOLVIC
710000;LAQUEUILLE a LE MONT-DORE
711000;EYGURANDE-MERLINES a CLERMONT-FERRAND
712000;BUSSEAU-SUR-CREUSE a USSEL
713000;LE PALAIS a EYGURANDE-MERLINES 
716000;TULLE a MEYMAC
718000;BRIVE-LA-GAILLARDE a TOULOUSE-MATABIAU
719000;SOUILLAC a VIESCAMP-SOUS-JALLES
720000;FIGEAC a ARVANT
721000;BORT-LES-ORGUES a NEUSSARGUES 
722000;BEZIERS a NEUSSARGUES
723000;LE MONASTIER a LA-BASTIDE-SAINT-LAURENT
724000;CAHORS a CAPDENAC
725000;SEVERAC-LE-CHATEAU a RODEZ
731000;SETE-VILLE a MONTBAZIN-GIGEAN
732000;VIAS a LODEVE
733000;COLOMBIERS a QUARANTE-CRUZY
734000;NARBONNE a BIZE
736000;CASTELNAUDARY a RODEZ
737000;CASTRES a BEDARIEUX
738000;MONTAUBAN-VILLE-BOURBON a LA CREMADE
739000;LEXOS a MONTAUBAN-VILLE-BOURBON
741000;TESSONNIERES a ALBI
742000;ALBI a SAINT-JUERY
745000;VILLENEUVE-SAINT-GEORGES a MONTARGIS
745306;RAC VIGNEUX VOIE 2M / VOIE 2BIS C
746000;CORBEIL-ESSONNES a MONTEREAU
747000;BOURRON-MARLOTTE-GREZ a MALESHERBES
747306;RAC FILAY
748000;MONTARGIS a SENS
749000;TRIGUERES a SURGY
750000;MORET-VENEUX-LES-SABLONS a LYON-PERRACHE
750306;RAC SAINCAIZE
750316;RAC BADAN (POSTE 1) a CHASSE (POSTE 3)
752000;COMBS-LA-VILLE a ST MARCEL-LES-VALENCE (LGV PSE)
752100;VILENEUVE-ST-GEORGES A BIF DE MOISENAY (LGV PSE)
752305;RAC LGV DE VALENTON
752308;RAC LGV DE COUBERT
752321;RAC MONTEREAU (LGV PARIS-SUD-EST)
752323;L 752323
752330;RAC LYON-SAINT-CLAIR (LGV PARIS-SUD-EST)
752340;RACE GRENAY (LGV PARIS-SUD-EST)
752342;RACCORDEMENT DE ST-MARCEL-LES-VALENCE
752350;RACC. LGV D'HEYRIEUX (LYON-VALENCE)
752352;RAC DE CREST (BASE TRAVAUX)
752354;RAC NORD DE BOLLENE - LAMOTTE DU RHONE
752356;RAC SUD DE BOLLENE - LAMOTTE DU RHONE
752358;RAC DU CHEVAL BLANC
753000;LAROCHE-MIGENNES a COSNE
753306;RAC LAROCHE-MIGENNES
754000;CLAMECY a NEVERS
755000;CRAVANT-BAZARNES a DRACY-SAINT-LOUP
757000;MAISON-DIEU a LES LAUMES-ALESIA
760000;NEVERS a CHAGNY
760306;RAC CHAGNY a DOLE ET PARIS-LYON
760311;RAC NEVERS a CHAGNY ET
761000;ETANG a SANTENAY-LES-BAINS
762000;CLAMECY a GILLY-SUR-LOIRE
763000;TAMNAY-CHATILLON a CHATEAU-CHINON
764000;SAINT-FLORENTIN-VERGIGNY a MONETEAU-GURGY
767300;RAC MONTCHANIN
768300;RAC PASILLY-AISY (LGV-PSE)
769000;LE COTEAU a MONTCHANIN
770000;MOULINS-SUR-ALLIER a MACON
772000;CLUNY a CHALON-SUR-SAONE
774000;POUILLY-SOUS-CHARLIEU a CLERMAIN
775000;PARAY-LE-MONIAL a GIVORS-CANAL
775311;RAC BADAN (POSTE 3) a BADAN (POSTE 1)
776000;BELLEVILLE a BEAUJEU
777300;RAC PONT DE VEYLE (PARIS-SUD-EST)
778300;RAC MACON-SUD
779300;RAC MACON-NORD
780000;SAINT-ETIENNE-LA-TERRASSE a SAINT-ETIENNE-PO.
782000;LYON-SAINT-PAUL a MONTBRISON
783000;LE COTEAU a SAINT-GERMAIN-AU-MONT-D'OR
784000;CLERMONT-FERRAND a SAINT-JUST-SUR-LOIRE
785000;SAINT-GERMAIN-DES-FOSSES a DARSAC
786000;VICHY a CUSSET
787000;VICHY a RIOM
789000;LA-FERTE-HAUTERIVE a GANNAT
790000;SAINT-GERMAIN-DES-FOSSES a NIMES-CRB1
790305;L 790305
792000;LE PUY a LANGOGNE
793606;VOIE-MERE DE LA ZI DE VOLVIC a RIOM
795000;BONSON a SEMBADEL
796000;SAINT-JUST-SUR-LOIRE a SAINT-JUST-SAINT-RAMB.
797000;FIRMINY a SAINT-RAMBERT D'ALBON
797306;RAC SAINT-RAMBERT
797311;RAC PEYRAUD (SUD)
798000;SAINT-GEORGES-D'AURAC a SAINT-ETIENNE-CHAT.
800000;GIVORS-CANAL a GREZAN
800306;RAC PEYRAUD (BIF. NORD)
800311;RAC LA VOULTE (BIF. NORD)
800316;RAC LA VOULTE (BIF. SUD)
800390;Rac de Saint-Gervasy
800395;Rac de la Virgulette 
805000;LE TEIL a ALES
808000;BESSEGES a ROBIAC
810000;TARASCON a SETE-VILLE
810310;Rac de Jonquieres
811000;LA PEYRADE-BIFUR a SETE-MEDITERRANEE
812000;ALES a PORT-L'ARDOISE
812306;RAC L'ARDOISE a PORT-L'ARDOISE
813000;LE MARTINET a BEAUCAIRE
814000;MAS-DES-GARDIES a LES MAZES-LE-CRES
815000;LEZAN a SAINT-JEAN-DU-GARD
817000;SOMMIERES a SAINT-CESAIRE
819000;SAINT-CESAIRE a LE GRAU-DU-ROI
820000;ARLES a LUNEL
821000;ARLES AU CANAL
824000;VILLENEUVE-LES-AVIGNON a AVIGNON
824301;RAC VILLENEUVE-LES-AVIGNON (SUD)
824306;RAC VILLENEUVE-LES-AVIGNON
830000;PARIS-LYON a MARSEILLE SAINT-CHARLES
830306;RAC BERCY-NORD
830311;RAC BERCY-SUD
830321;RAC SAINT-FLORENTIN-VER
830331;RAC SAINT-FONS
830336;RAC CHASSE-SUR-RHONE
830341;RAC LIVRON-NORD
830346;RAC LIVRON-SUD
830351;RAC TARASCON (NORD)
830356;RAC TARASCON (SUD)
830361;RAC MIRAMAS
830366;RAC LYON-GUILLOTIERE a LYON-PART-DIEU
830646;VOIE-MERE DE PIERRELATTE
830649;VOIE-MERE DU C.T.T DE VITROLLES 1
830900;VOIES DE LIAISON DE DIJON a GEVREY-CHAMBERTIN
831000;FLAMBOIN-GOUAIX a MONTEREAU
832000;SAINT-JULIEN a SAINT-FLORENTIN-VERGIGNY
833300;RAC SAINT-FLORENTIN
834000;MARSEILLE a PERPIGNAN (LGV)
834100;BRANCHE GRAND SUD DU TRIANGLE DES ANGLES (LGV SUD
834310;RAC DE REDESSAN - MANDUEL
834311;RAC DE REDESSAN - MANDUEL
834340;Rac de Lattes
838000;SAINT-JULIEN a GRAY
839000;NUITS-SOUS-RAVIERES a CHATILLON-SUR-SEINE
840000;BRICON a CHATILLON-SUR-SEINE
843000;IS-SUR-TILLE a CULMONT-CHALINDREY
844300;RAC CULMONT-CHALINDREY
845950;SAUT-DE-MOUTON DE CULMONT-CHALINDREY
846000;CULMONT-CHALINDREY a GRAY
847000;VAIVRE a GRAY
849000;DIJON-VILLE a IS-SUR-TILLE
850000;DIJON-VILLE a VALLORBE
851000;GRAY a SAINT-JEAN-DE-LOSNE
852000;DOLE-VILLE a BELFORT
852306;RAC BELFORT
854000;BELFORT a DELLE
856000;BESANCON-VIOTTE a VESOUL
856350;RACCORDEMENT EST BESANCON (LGV)
857000;MONTBOZON a LURE
858000;MONTBELIARD a MORVILLARS
859000;VOUJEAUCOURT a SAINT-HIPPOLYTE
860000;DIJON-VILLE a SAINT-AMOUR
861300;RAC DE LYON (DIJON-PERRIGNY)
861301;RAC EVITE-PERRIGNY
862300;RAC SUPERIEUR DE LONGVIC
862301;RAC a NIVEAU DE LONGVIC
863300;RAC SAINT-AMOUR
865000;CHAGNY a DOLE-VILLE
867000;SEURRE a CHALON-SUR-SAONE
868000;CHAUGEY a LONS-LE-SAUNIER
869000;DOLE-VILLE a POLIGNY
871000;FRANOIS a ARC-SENANS
872000;BESANCON-VIOTTE a LE-LOCLE-COL-DES-ROCHES
875000;FRASNE a LES VERRIERES-DE-JOUX
877300;RAC VILLERS-LES-POTS NO 2
877301;RAC VILLERS-LES-POTS NO 1
878000;ANDELOT a LA CLUSE
878301;RACCORDEMENT DE LA CLUSE
880000;MOUCHARD a BOURG-EN-BRESSE
882000;CHALON-SUR-SAONE a BOURG-EN-BRESSE
883000;MACON a AMBERIEU
883306;RAC D'AMBERIEU
884000;BOURG a BELLEGARDE
886000;LYON-SAINT-CLAIR a BOURG
887000;LYON-CROIX-ROUSSE a TREVOUX
888000;LYON-GORGE-DE-LOUP a LYON-VAISE
889000;AMBERIEU a MONTALIEU-VERCIEU
890000;LYON-PERRACHE a GENEVE
890306;RAC CULOZ
890605;L 890605
891000;FORT L'ECLUSE COLLONGES a DIVONNE-LES-BAINS
892000;LONGERAY-LEAZ AU BOUVERET
893000;COLLONGES-FONTAINES a LYON-GUILLOTIERE
893306;RAC LYON-GUILLOTIERE
894000;ANNEMASSE a GENEVE-EAUX-VIVES
895000;LA ROCHE-SUR-FORON a SAINT-GERVAIS-LES-BAINS.
896000;SAINT-GERVAIS-LES-BAINS-LE FAYET a VALLORCINE
897000;AIX-LES-BAINS-LE-REVARD a ANNEMASSE
898000;ANNECY a ALBERTVILLE
899000;SAINT-PIERRE D'ALBIGNY a BOURG-SAINT-MAURICE
900000;CULOZ a MODANE
900903;DEVIATION DE PONTAMAFREY
903000;SAINT-ANDRE-LE-GAZ a CHAMBERY
903606;VOIE-MERE a DE LA Z.I. DE CHAMBERY-BISSY
903608;VOIE-MERE B DE LA Z.I. DE CHAMBERY-BISSY
904000;PRESSINS a VIRIEU-LE-GRAND
905000;LYON-PERRACHE 1 a MARSEILLE-SAINT-CHARLES
905306;RAC PERTUIS
906000;GIVORS-CANAL a CHASSE-SUR-RHONE
907000;SAINT-RAMBERT D'ALBON a RIVES
908000;VALENCE a MOIRANS
909000;GRENOBLE a MONTMELIAN
909306;RAC MONTMELIAN
909903;DEV DE LA LIGNE DE GRENOBLE a MONTMELIAN
912000;LIVRON a ASPRES-SUR-BUECH
913000;LIVRON a LA VOULTE
915000;VEYNES a BRIANCON
920000;SAINT-AUBAN a DIGNE
922000;CAVAILLON a SAINT-MAIME-DAUPHIN
923000;CHEVAL-BLANC a PERTUIS
925000;AVIGNON a MIRAMAS
926000;ORANGE a L'ISLE-FONTAINE-DE-VAUCLUSE
927000;SORGUES-CHATEAUNEUF-DU-PAPE a CARPENTRAS
928000;ROGNAC a AIX-EN-PROVENCE
928106;EMBR D'AIX-EN-PROVENCE-MARCHANDISES
929300;RAC AVIGNON
930000;MARSEILLE-SAINT-CHARLES a VINTIMILLE
934100;VOIE DE DESSERTE DE MOUREPIANE
935000;MIRAMAS a L'ESTAQUE
935111;PORT-DE-BOUC a CARONTE-LA-GAFETTE
935306;RAC LAVALDUC
935311;RAC FOS-GRAVELEAU
935606;VOIE-MERE DE MARTIGUES a LAVERA
935901;LAVALDUC a FOS-COUSSOUL
935902;VOIE DE DESSERTE DU MOLE MINERALIER DE FOS 
935903;VOIE DE DESSERTE DE PORT-SAINT-LOUIS-DU-RHONE
935904;VOIE DE DESSERTE DE FOS-GRAVELEAU
935905;VOIE DE DESSERTE DU TERMINAL-VOITURE
935906;VOIE DES QUAIS NORD-EST DE PORT-SAINT-LOUIS
935907;VOIE DES QUAIS SUD DE PORT-SAINT-LOUIS
936300;RAC DES CHARTREUX
937000;MARSEILLE-BLANCARDE a MARSEILLE-PRADO
939001;L'ESTAQUE A MARSEILLE ST CHARLES
939306;RAC L'ESTAQUE-JOLIETTE a MARSEILLE-CANET
940100;MARSEILLE-ARENC a MARSEILLE-CANET
942000;LA PAULINE-HYERES AUX SALINS-D'HYERES
943000;LES ARCS a DRAGUIGNAN
944000;CANNES-LA-BOCCA a GRASSE
945000;NICE a BREIL-SUR-ROYA
946000;CONI a VINTIMILLE
947000;CARNOULES a GARDANNE
948000;AUBAGNE a LA BARQUE
955000;LA RAPEE a BATIGNOLLES
956306;RAC SUCY-BONNEUIL
957000;BOBIGNY a SUCY-BONNEUIL
957306;RAC NOISY-NORD
957311;RAC NOISY-SUD
957316;RAC SUCY-BONNEUIL NO 3
958000;BONDY a AULNAY-SOUS-BOIS
959300;RAC VILLIERS-SUR-MARNE (NORD)
962000;ARGENTEUIL a CHAMPS DE MARS (VMI)
963000;LA PLAINE a ERMONT-EAUBONNE
967300;RAC LA FOLIE
968300;RAC DES VALLEES (LA GARENNE-BEZONS)
968301;RAC COURBEVOIE a COLOMBES ET
971000;PONT-CARDINET a AUTEUIL-BOULOGNE
973000;PARIS-SAINT-LAZARE a VERSAILLES-RIVE-DROITE
973306;RAC LA DEFENSE
974000;SAINT-CLOUD a SAINT-NOM-LA-BRETECHE
975000;PARIS-SAINT-LAZARE a SAINT-GERMAIN-EN-LAYE
975900;NANTERRE-UNIVERSITE a SARTROUVILLE
977000;INVALIDES a VERSAILLES-RIVE-GAUCHE
978300;RAC VIROFLAY
979000;LIGNE E du RER (EOLE)
980000;AUTEUIL-BOULOGNE a LA RAPEE
981000;LUXEMBOURG (RER)
983000;INVALIDES a QUAI-D'ORSAY
984000;QUAI-D'ORSAY a PARIS-AUSTERLITZ
985000;CHOISY-LE-ROI a MASSY-VERRIERES
988000;GRIGNY a CORBEIL-ESSONNES
990000;GRANDE CEINTURE DE PARIS
990306;RAC VERSAILLES-MATELOTS
990311;RAC NOISY-LE-SEC
990316;RAC VALENTON
990321;RAC VILLENEUVE-TRIAGE (NORD)
990331;RAC RUNGIS VOIE MG
991300;RAC GAGNY-TRONC-COMMUN
991301;RAC GAGNY-NORD
991302;RAC GAGNY-SUD
992300;RAC DU BAS MARTINEAU
