ID;VOIE;POSITION
1;1;2
2;2;-5
3;3;3
4;4;-2
5;5;-3
6;6;3
7;7;3
8;8;3
9;9;3
10;10;-2
11;11;-2
12;12;-3
13;13;3
14;14;-3
15;15;-3
16;16;-2
17;17;-3
18;18;3
19;19;3
20;20;-2
21;21;-2
23;23;-2
24;24;3
25;25;3
26;26;-2
27;27;-2
28;28;-2
29;29;2
31;31;-2
32;32;1
33;33;0
34;34;2
35;35;3
36;36;-2
37;37;-2
38;38;-3
39;39;1
42;42;3
43;43;3
44;44;-3
45;45;4
46;46;4
47;47;-3
48;48;-3
49;49;3
50;50;-2
51;51;-2
52;52;-2
53;53;-2
54;54;3
55;55;-3
56;56;1
57;57;-2
59;59;1
60;60;-1
61;61;-2
62;62;-3
63;63;-3
64;64;-3
65;65;-3
66;66;-1
67;67;1
68;68;0
69;69;0
70;70;0
71;71;-1
72;72;1
73;73;-1
74;74;0
75;75;0
76;76;-1
77;77;1
78;78;1
79;79;0
80;80;0
81;81;0
82;82;0
83;83;0
84;84;0
85;85;0
86;86;0
87;87;0
88;88;0
89;89;-2
90;90;0
91;91;0
92;92;0
93;93;0
94;94;0
95;95;0
96;96;0
97;97;-1
98;98;1
99;99;1
100;100;1
101;101;-1
102;102;1
103;103;0
104;104;-1
105;105;1
106;106;0
107;107;-1
108;108;1
109;109;0
110;110;0
111;111;-1
112;112;1
113;113;0
114;114;0
115;115;0
116;116;0
117;117;0
118;118;-1
119;119;-1
120;120;1
121;121;1
122;122;0
123;123;0
124;124;-1
125;125;-1
126;126;1
127;127;1
128;128;0
129;129;0
130;130;0
131;131;0
132;132;-1
133;133;1
134;134;0
135;135;0
136;136;-1
137;137;1
138;138;-1
139;139;1
140;140;0
141;141;-1
142;142;1
143;143;-1
144;144;1
145;145;-1
146;146;-1
147;147;1
148;148;1
149;149;0
150;150;0
151;151;0
152;152;-1
153;153;1
154;154;0
155;155;0
156;156;-1
157;157;1
158;158;-1
159;159;1
160;160;0
161;161;0
162;162;-1
163;163;-1
164;164;1
165;165;1
166;166;1
167;167;0
168;168;0
169;169;-1
170;170;1
171;171;1
172;172;0
173;173;1
174;174;1
175;175;-1
176;176;1
177;177;0
178;178;-1
179;179;1
180;180;-1
181;181;1
182;182;0
183;183;1
184;184;0
185;185;0
186;186;-1
187;187;1
188;188;0
189;189;-1
190;190;1
191;191;-1
192;192;1
193;193;-1
194;194;1
195;195;0
196;196;0
197;197;-1
198;198;1
199;199;0
200;200;0
201;201;0
202;202;0
203;203;0
204;204;-1
205;205;-1
206;206;-1
207;207;1
208;208;1
209;209;1
210;210;0
211;211;-1
212;212;1
213;213;0
214;214;0
215;215;0
216;216;-1
217;217;1
218;218;0
219;219;0
220;220;-1
221;221;1
222;222;2
223;223;1
224;224;-1
225;225;1
226;226;0
227;227;0
228;228;0
229;229;0
230;230;-1
231;231;1
232;232;0
233;233;0
234;234;0
235;235;0
236;236;0
237;237;0
238;238;-1
239;239;1
240;240;0
241;241;0
242;242;-1
243;243;1
244;244;-1
245;245;1
246;246;0
247;247;-1
248;248;1
249;249;0
250;250;0
251;251;-1
252;252;1
253;253;0
254;254;-1
255;255;-1
256;256;1
257;257;1
258;258;-1
259;259;1
260;260;0
261;261;0
262;262;0
263;263;-1
264;264;1
265;265;0
266;266;0
267;267;-1
268;268;1
269;269;-1
270;270;1
271;271;-1
272;272;1
273;273;-1
274;274;1
275;275;-1
276;276;1
277;277;-1
278;278;1
279;279;0
280;280;-1
281;281;1
282;282;0
283;283;-1
284;284;1
285;285;-1
286;286;1
287;287;0
288;288;0
289;289;-1
290;290;1
291;291;2
292;292;1
293;293;0
294;294;-1
295;295;1
296;296;-1
297;297;1
298;298;0
299;299;0
300;300;0
301;301;0
302;302;-1
303;303;-1
304;304;1
305;305;1
306;306;0
307;307;0
308;308;0
309;309;0
310;310;0
311;311;-1
312;312;1
313;313;0
314;314;-1
315;315;1
316;316;0
317;317;-1
318;318;1
319;319;0
320;320;-1
321;321;1
322;322;0
323;323;0
324;324;-1
325;325;1
326;326;-1
327;327;1
328;328;0
329;329;-1
330;330;-1
331;331;1
332;332;1
333;333;0
334;334;0
335;335;0
336;336;0
337;337;0
338;338;0
339;339;0
340;340;-1
341;341;-1
342;342;1
343;343;1
344;344;0
345;345;7
346;346;8
347;347;-1
348;348;1
349;349;0
350;350;0
351;351;-1
352;352;1
353;353;0
354;354;0
355;355;0
356;356;0
357;357;0
358;358;-1
359;359;1
360;360;-1
361;361;1
362;362;0
363;363;0
364;364;0
365;365;0
366;366;0
367;367;-1
368;368;-1
369;369;-1
370;370;-1
371;371;1
372;372;1
373;373;1
374;374;1
375;375;-1
376;376;1
377;377;-1
378;378;1
379;379;-1
380;380;1
381;381;0
382;382;-1
383;383;-1
384;384;1
385;385;1
386;386;0
387;387;0
388;388;-1
389;389;1
390;390;-1
391;391;1
392;392;-1
393;393;1
394;394;-1
395;395;1
396;396;-1
397;397;1
398;398;-1
399;399;1
400;400;-1
401;401;1
402;402;-1
403;403;1
404;404;-1
405;405;1
406;406;-1
407;407;1
408;408;-1
409;409;1
410;410;-1
411;411;1
412;412;0
413;413;0
414;414;-1
415;415;1
416;416;0
417;417;-1
418;418;-1
419;419;1
420;420;1
421;421;0
422;422;-1
423;423;1
424;424;0
425;425;-1
426;426;1
427;427;0
428;428;0
429;429;0
430;430;0
431;431;0
432;432;0
433;433;0
434;434;0
435;435;0
436;436;0
437;437;0
438;438;-1
439;439;1
440;440;-1
441;441;1
442;442;0
443;443;-1
444;444;1
445;445;-1
446;446;1
447;447;-1
448;448;1
449;449;-1
450;450;1
451;451;0
452;452;0
453;453;0
454;454;0
455;455;-1
456;456;1
457;457;0
458;458;0
459;459;0
460;460;0
461;461;0
462;462;0
463;463;-1
464;464;1
465;465;0
466;466;1
467;467;-1
468;468;1
469;469;-1
470;470;1
471;471;-1
472;472;1
473;473;-1
474;474;1
475;475;0
476;476;0
477;477;0
478;478;0
479;479;-1
480;480;1
481;481;-1
482;482;1
483;483;0
484;484;0
485;485;0
486;486;0
487;487;0
488;488;0
489;489;0
490;490;0
491;491;-1
492;492;1
493;493;0
494;494;0
495;495;-1
496;496;1
497;497;-1
498;498;1
499;499;-1
500;500;1
501;501;0
502;502;0
503;503;0
504;504;0
505;505;-1
506;506;1
507;507;-1
508;508;1
509;509;-1
510;510;1
511;511;-1
512;512;1
513;513;0
514;514;-1
515;515;1
516;516;0
517;517;0
518;518;0
519;519;-1
520;520;1
521;521;0
522;522;0
523;523;0
524;524;-1
525;525;1
526;526;0
527;527;0
528;528;0
529;529;-1
530;530;1
531;531;-1
532;532;1
533;533;-1
534;534;1
535;535;-1
536;536;1
537;537;0
538;538;-1
539;539;1
540;540;0
541;541;0
542;542;0
543;543;0
544;544;0
545;545;-1
546;546;1
547;547;0
548;548;0
549;549;-1
550;550;1
551;551;0
552;552;0
553;553;0
554;554;0
555;555;0
556;556;0
557;557;0
558;558;0
559;559;0
560;560;0
561;561;0
562;562;0
563;563;0
564;564;-1
565;565;-1
566;566;1
567;567;1
568;568;-1
569;569;1
570;570;-1
571;571;1
572;572;0
573;573;0
574;574;0
575;575;0
576;576;0
577;577;0
578;578;-1
579;579;1
580;580;-1
581;581;1
582;582;-1
583;583;1
584;584;0
585;585;0
586;586;0
587;587;0
588;588;0
589;589;0
590;590;0
591;591;0
592;592;0
593;593;0
594;594;0
595;595;0
596;596;-1
597;597;1
598;598;0
599;599;0
600;600;0
601;601;0
602;602;0
603;603;0
604;604;-1
605;605;-1
606;606;1
607;607;1
608;608;0
609;609;0
610;610;0
611;611;0
612;612;0
613;613;0
614;614;0
615;615;-1
616;616;1
617;617;0
618;618;-1
619;619;1
620;620;0
621;621;0
622;622;0
623;623;0
624;624;0
625;625;0
626;626;0
627;627;0
628;628;-1
629;629;1
630;630;-1
631;631;1
632;632;-1
633;633;1
634;634;-1
635;635;1
636;636;-1
637;637;1
638;638;0
639;639;0
640;640;-1
641;641;1
642;642;0
643;643;0
644;644;-1
645;645;-9
647;647;1
648;648;-2
649;649;-7
650;650;0
651;651;-1
652;652;1
653;653;0
654;654;0
655;655;0
656;656;0
657;657;0
658;658;0
659;659;0
660;660;0
661;661;-1
662;662;-1
663;663;1
664;664;1
665;665;0
666;666;0
667;667;0
668;668;-1
669;669;1
670;670;-1
671;671;1
672;672;0
673;673;-1
674;674;-1
675;675;1
676;676;1
677;677;0
678;678;0
679;679;-1
680;680;1
681;681;0
682;682;0
683;683;0
684;684;0
685;685;0
686;686;-1
687;687;1
688;688;0
689;689;-1
690;690;1
691;691;0
692;692;0
693;693;0
694;694;0
695;695;0
696;696;0
697;697;0
698;698;0
699;699;0
700;700;-1
701;701;1
702;702;0
703;703;0
704;704;0
705;705;0
706;706;-1
707;707;1
708;708;0
709;709;0
710;710;0
711;711;0
712;712;0
713;713;-1
714;714;1
715;715;0
716;716;0
717;717;0
718;718;0
719;719;-1
720;720;1
721;721;0
722;722;-1
723;723;1
724;724;0
725;725;0
726;726;0
727;727;0
728;728;0
729;729;0
730;730;0
731;731;0
732;732;0
733;733;0
734;734;0
735;735;-1
736;736;1
737;737;0
738;738;0
739;739;0
740;740;0
741;741;-1
742;742;1
743;743;-1
744;744;1
745;745;-1
746;746;1
747;747;0
748;748;0
749;749;0
750;750;0
751;751;0
752;752;0
753;753;0
754;754;0
755;755;0
756;756;0
757;757;0
758;758;0
759;759;0
760;760;0
761;761;0
762;762;0
763;763;-1
764;764;1
765;765;0
766;766;0
767;767;0
768;768;0
769;769;0
770;770;0
771;771;0
772;772;0
773;773;0
774;774;0
775;775;0
776;776;0
777;777;0
778;778;0
779;779;0
780;780;0
781;781;-1
782;782;1
783;783;0
784;784;0
785;785;0
786;786;0
787;787;0
788;788;0
789;789;-1
790;790;1
791;791;0
792;792;0
793;793;0
794;794;0
795;795;0
796;796;-2
797;797;2
798;798;0
799;799;0
800;800;0
801;801;1
802;802;1
803;803;0
804;804;-1
805;805;1
806;806;0
807;807;-1
808;808;1
809;809;0
810;810;-1
811;811;0
812;812;0
813;813;0
814;814;-1
815;815;1
816;816;0
817;817;0
818;818;0
819;819;0
820;820;0
821;821;0
822;822;-1
823;823;1
824;824;0
825;825;0
826;826;0
827;827;0
828;828;0
829;829;0
830;830;0
831;831;0
832;832;0
833;833;0
834;834;0
835;835;0
836;836;0
837;837;0
838;838;0
839;839;0
840;840;0
841;841;0
842;842;0
843;843;0
844;844;0
845;845;-1
846;846;1
847;847;0
848;848;-1
849;849;1
850;850;-1
851;851;1
852;852;0
853;853;-1
854;854;1
855;855;0
856;856;0
857;857;-1
858;858;1
859;859;-1
860;860;1
861;861;-1
862;862;1
863;863;-1
864;864;1
865;865;-1
866;866;1
867;867;-1
868;868;1
869;869;-1
870;870;1
871;871;-1
872;872;1
873;873;0
874;874;-1
875;875;1
876;876;-1
877;877;2
878;878;0
879;879;0
880;880;0
881;881;0
882;882;-1
883;883;1
884;884;-1
885;885;1
886;886;-1
887;887;1
888;888;0
889;889;-1
890;890;0
891;891;0
892;892;-1
893;893;1
894;894;0
895;895;-1
896;896;1
897;897;0
898;898;0
899;899;-1
900;900;1
901;901;0
902;902;0
903;903;0
904;904;0
905;905;-1
906;906;1
907;907;0
908;908;0
909;909;-1
910;910;1
911;911;0
912;912;-1
913;913;-1
914;914;0
915;915;0
916;916;0
917;917;0
918;918;-1
919;919;1
920;920;-1
921;921;1
922;922;0
923;923;0
924;924;0
925;925;-1
926;926;1
927;927;0
928;928;-1
929;929;1
930;930;0
931;931;0
932;932;0
933;933;0
934;934;-1
935;935;-1
936;936;-1
937;937;1
938;938;1
939;939;1
940;940;0
941;941;0
942;942;0
943;943;0
944;944;0
945;945;0
946;946;0
947;947;0
948;948;0
949;949;0
950;950;-1
951;951;-1
952;952;1
953;953;1
954;954;-1
955;955;1
956;956;0
957;957;0
958;958;0
959;959;0
960;960;-1
961;961;1
962;962;0
963;963;0
964;964;0
965;965;0
966;966;0
967;967;0
968;968;0
969;969;0
970;970;0
971;971;0
972;972;0
973;973;0
974;974;-1
975;975;1
976;976;-1
977;977;1
978;978;-1
979;979;1
980;980;-1
981;981;1
982;982;-1
983;983;1
984;984;0
985;985;-1
986;986;1
987;987;0
988;988;-1
989;989;1
990;990;-1
991;991;1
992;992;-1
993;993;1
994;994;0
995;995;0
996;996;-1
997;997;1
998;998;0
999;999;0
1000;1000;0
1001;1001;-1
1002;1002;1
1003;1003;-1
1004;1004;0
1005;1005;0
1006;1006;-1
1007;1007;1
1008;1008;0
1009;1009;-1
1010;1010;1
1011;1011;0
1012;1012;0
1013;1013;0
1014;1014;0
1015;1015;-1
1016;1016;-1
1017;1017;-1
1018;1018;-1
1019;1019;1
1020;1020;1
1021;1021;1
1022;1022;1
1023;1023;0
1024;1024;0
1025;1025;-1
1026;1026;1
1027;1027;0
1028;1028;0
1029;1029;0
1030;1030;0
1031;1031;0
1032;1032;0
1033;1033;0
1034;1034;-1
1035;1035;1
1036;1036;-1
1037;1037;1
1038;1038;0
1039;1039;-1
1040;1040;1
1041;1041;-1
1042;1042;1
1043;1043;-1
1044;1044;1
1045;1045;0
1046;1046;0
1047;1047;0
1048;1048;1
1049;1049;0
1050;1050;0
1051;1051;-1
1052;1052;1
1053;1053;0
1054;1054;0
1055;1055;0
1056;1056;0
1057;1057;0
1058;1058;0
1059;1059;0
1060;1060;-1
1061;1061;-1
1062;1062;1
1063;1063;1
1064;1064;0
1065;1065;-1
1066;1066;1
1067;1067;-1
1068;1068;1
1069;1069;0
1070;1070;0
1071;1071;0
1072;1072;0
1073;1073;1
1074;1074;-1
1075;1075;1
1076;1076;-1
1077;1077;1
1078;1078;0
1079;1079;0
1080;1080;0
1081;1081;-1
1082;1082;1
1083;1083;-1
1084;1084;1
1085;1085;-1
1086;1086;1
1087;1087;0
1088;1088;0
1089;1089;0
1090;1090;0
1091;1091;0
1092;1092;0
1093;1093;-1
1094;1094;1
1095;1095;-1
1096;1096;1
1097;1097;0
1098;1098;0
1099;1099;0
1100;1100;0
1101;1101;0
1102;1102;0
1103;1103;-1
1104;1104;-1
1105;1105;1
1106;1106;1
1107;1107;0
1108;1108;-1
1109;1109;1
1110;1110;0
1111;1111;0
1112;1112;-1
1113;1113;0
1114;1114;-1
1115;1115;1
1116;1116;1
1117;1117;-1
1118;1118;1
1119;1119;0
1120;1120;-1
1121;1121;1
1122;1122;0
1123;1123;0
1124;1124;0
1125;1125;0
1126;1126;0
1127;1127;0
1128;1128;-1
1129;1129;1
1130;1130;0
1131;1131;0
1132;1132;0
1133;1133;0
1134;1134;0
1135;1135;-1
1136;1136;1
1137;1137;-1
1138;1138;1
1139;1139;0
1140;1140;-1
1141;1141;1
1142;1142;0
1143;1143;0
1144;1144;0
1145;1145;0
1146;1146;0
1147;1147;-1
1148;1148;1
1149;1149;0
1150;1150;-1
1151;1151;1
1152;1152;0
1153;1153;-1
1154;1154;1
1155;1155;0
1156;1156;0
1157;1157;0
1158;1158;0
1159;1159;-1
1160;1160;1
1161;1161;0
1162;1162;0
1163;1163;0
1164;1164;-1
1165;1165;1
1166;1166;0
1167;1167;0
1168;1168;0
1169;1169;-1
1170;1170;1
1171;1171;0
1172;1172;0
1173;1173;0
1174;1174;-1
1175;1175;1
1176;1176;0
1177;1177;-1
1178;1178;1
1179;1179;1
1180;1180;-1
1181;1181;1
1183;1183;-1
1184;1184;1
1185;1185;-1
1186;1186;1
1187;1187;-1
1188;1188;1
1189;1189;-1
1190;1190;1
1191;1191;-1
1192;1192;1
1193;1193;-1
1194;1194;1
1195;1195;0
1196;1196;-1
1197;1197;-1
1198;1198;1
1199;1199;-1
1200;1200;1
1201;1201;-1
1202;1202;1
1203;1203;-1
1204;1204;1
1205;1205;-1
1206;1206;-1
1207;1207;1
1208;1208;1
1209;1209;-1
1210;1210;-1
1211;1211;1
1212;1212;-1
1213;1213;1
1214;1214;-1
1215;1215;1
1216;1216;0
1217;1217;-1
1218;1218;1
1219;1219;-1
1220;1220;1
1221;1221;-1
1222;1222;1
1223;1223;-1
1224;1224;1
1225;1225;-1
1226;1226;1
1227;1227;0
1228;1228;0
1229;1229;-2
1230;1230;-1
1233;1233;-3
1235;1235;1
1241;1241;-1
1242;1242;-1
1243;1243;1
1244;1244;1
1245;1245;-1
1246;1246;1
1247;1247;-1
1248;1248;-1
1249;1249;1
1250;1250;1
1251;1251;0
1252;1252;0
1253;1253;2
1254;1254;-5
1255;1255;-2
1256;1256;-2
1257;1257;-2
1258;1258;-3
1259;1259;-4
1260;1260;2
1261;1261;2
1262;1262;2
1263;1263;4
1264;1264;5
1265;1265;2
1266;1266;-1
1267;1267;1
1268;1268;-1
1269;1269;1
1270;1270;-1
1271;1271;1
1272;1272;-2
1273;1273;2
1274;1274;-1
1275;1275;1
1276;1276;-2
1277;1277;2
1278;1278;-1
1279;1279;1
1280;1280;-1
1281;1281;1
1282;1282;-1
1283;1283;1
1284;1284;-2
1285;1285;-2
1286;1286;2
1287;1287;2
1288;1288;-1
1289;1289;1
1290;1290;-2
1291;1291;-1
1292;1292;2
1293;1293;1
1294;1294;-1
1295;1295;1
1296;1296;-3
1297;1297;3
1298;1298;-1
1299;1299;1
1300;1300;-1
1301;1301;1
1302;1302;-1
1303;1303;-1
1304;1304;1
1305;1305;0
1306;1306;-1
1307;1307;1
1308;1308;-2
1309;1309;2
1310;1310;-2
1311;1311;7
1312;1312;-2
1313;1313;2
1314;1314;-3
1315;1315;3
1316;1316;4
1317;1317;2
1318;1318;3
1319;1319;2
1320;1320;-3
1321;1321;3
1322;1322;6
1323;1323;5
1324;1324;4
1325;1325;-1
1326;1326;3
1327;1327;2
1328;1328;1
1329;1329;1
1330;1330;2
1331;1331;2
1332;1332;3
1333;1333;1
1334;1334;-1
1335;1335;2
1336;1336;3
1337;1337;5
1338;1338;13
1339;1339;11
1340;1340;12
1341;1341;15
1342;1342;14
1343;1343;10
1344;1344;-2
1345;1345;8
1346;1346;5
1347;1347;1
1348;1348;3
1349;1349;6
1350;1350;4
1351;1351;2
1352;1352;3
1353;1353;7
1354;1354;8
1355;1355;9
1356;1356;5
1357;1357;2
1358;1358;-2
1359;1359;-1
1360;1360;1
1361;1361;-2
1362;1362;-3
1363;1363;-4
1364;1364;2
1365;1365;-2
1366;1366;2
1367;1367;3
1368;1368;-1
1369;1369;1
1370;1370;1
1371;1371;1
1372;1372;-1
1373;1373;-3
1374;1374;-3
1375;1375;-2
1376;1376;3
1377;1377;-3
1378;1378;-3
1379;1379;-3
1380;1380;-3
1381;1381;6
1382;1382;6
1383;1383;6
1384;1384;6
1385;1385;2
1386;1386;2
1387;1387;2
1388;1388;2
1389;1389;2
1392;1392;2
1393;1393;-1
1394;1394;1
1395;1395;-1
1396;1396;1
1397;1397;1
1398;1398;1
1399;1399;3
1400;1400;-2
1401;1401;-6
1402;1402;-2
1403;1403;-2
1404;1404;-4
1405;1405;2
1406;1406;2
1407;1407;5
1408;1408;2
1409;1409;2
1410;1410;-2
1411;1411;5
1412;1412;2
1413;1413;3
1414;1414;4
1415;1415;2
1416;1416;2
1417;1417;3
1418;1418;-2
1419;1419;2
1420;1420;-1
1421;1421;-1
1422;1422;1
1423;1423;1
1424;1424;1
1425;1425;-2
1426;1426;-2
1427;1427;3
1428;1428;-3
1429;1429;4
1430;1430;-4
1431;1431;4
1432;1432;-4
1433;1433;5
1434;1434;-5
1435;1435;2
1436;1436;-3
1437;1437;-1
1438;1438;-2
1439;1439;3
1440;1440;-9
1441;1441;-2
1442;1442;-2
1443;1443;-16
1444;1444;8
1445;1445;2
1446;1446;2
1447;1447;-15
1448;1448;10
1449;1449;12
1450;1450;2
1451;1451;4
1452;1452;3
1453;1453;2
1454;1454;-1
1455;1455;1
1456;1456;-4
1457;1457;-2
1458;1458;-2
1459;1459;-2
1460;1460;-2
1461;1461;4
1462;1462;2
1463;1463;2
1464;1464;2
1465;1465;-1
1466;1466;1
1467;1467;-2
1468;1468;-3
1469;1469;3
1470;1470;2
1471;1471;1
1472;1472;-2
1473;1473;-2
1474;1474;-2
1475;1475;2
1476;1476;3
1477;1477;-1
1478;1478;2
1479;1479;-1
1480;1480;2
1481;1481;-2
1482;1482;2
1483;1483;-1
1484;1484;1
1485;1485;1
1486;1486;-2
1487;1487;-2
1488;1488;2
1489;1489;2
1490;1490;2
1491;1491;2
1492;1492;-1
1493;1493;1
1494;1494;-1
1495;1495;1
1496;1496;-1
1497;1497;1
1498;1498;-2
1499;1499;2
1500;1500;2
1501;1501;-2
1502;1502;-2
1503;1503;-2
1504;1504;-2
1505;1505;-2
1506;1506;-2
1507;1507;-2
1508;1508;-2
1509;1509;-2
1510;1510;-2
1511;1511;-2
1512;1512;-2
1513;1513;-2
1514;1514;-2
1515;1515;-2
1516;1516;-2
1517;1517;-4
1518;1518;-2
1519;1519;-3
1520;1520;-3
1521;1521;-3
1522;1522;-3
1523;1523;-2
1524;1524;-2
1525;1525;-3
1526;1526;2
1527;1527;2
1528;1528;2
1529;1529;2
1530;1530;2
1531;1531;2
1532;1532;2
1533;1533;2
1534;1534;2
1535;1535;2
1536;1536;2
1537;1537;2
1538;1538;2
1539;1539;2
1540;1540;3
1541;1541;2
1542;1542;5
1543;1543;3
1544;1544;3
1545;1545;4
1546;1546;4
1547;1547;3
1548;1548;3
1549;1549;2
1550;1550;2
1551;1551;3
1552;1552;0
1553;1553;1
1554;1554;-1
1555;1555;1
1556;1556;-2
1557;1557;-2
1558;1558;-1
1559;1559;-1
1560;1560;1
1561;1561;1
1562;1562;-2
1563;1563;-2
1564;1564;-2
1565;1565;3
1566;1566;3
1567;1567;-1
1568;1568;1
1569;1569;-1
1570;1570;1
1571;1571;-2
1572;1572;-2
1573;1573;-2
1574;1574;2
1575;1575;2
1576;1576;-2
1577;1577;-2
1578;1578;2
1579;1579;1
1580;1580;2
1581;1581;-1
1582;1582;-2
1583;1583;2
1584;1584;-2
1585;1585;2
1586;1586;-2
1587;1587;2
1588;1588;-2
1589;1589;-2
1590;1590;2
1591;1591;2
1592;1592;-2
1593;1593;-2
1594;1594;2
1595;1595;-2
1596;1596;2
1597;1597;-2
1598;1598;2
1599;1599;-2
1600;1600;2
1601;1601;2
1602;1602;-1
1603;1603;1
1604;1604;-1
1605;1605;1
1606;1606;-1
1607;1607;1
1608;1608;-1
1609;1609;5
1610;1610;-5
1611;1611;6
1612;1612;-6
1613;1613;7
1614;1614;-7
1615;1615;8
1616;1616;-8
1617;1617;9
1618;1618;-9
1619;1619;-2
1620;1620;-2
1621;1621;-2
1622;1622;-2
1623;1623;-3
1624;1624;-6
1625;1625;-4
1626;1626;-4
1627;1627;3
1628;1628;3
1629;1629;10
1630;1630;-10
1631;1631;11
1632;1632;-11
1633;1633;12
1634;1634;-12
1635;1635;13
1636;1636;-13
1637;1637;14
1638;1638;-14
1639;1639;2
1640;1640;2
1641;1641;2
1642;1642;2
1643;1643;9
1644;1644;6
1645;1645;3
1646;1646;8
1647;1647;6
1648;1648;3
1649;1649;3
1650;1650;-2
1651;1651;3
1652;1652;-2
1653;1653;-2
1654;1654;15
1655;1655;2
1656;1656;2
1657;1657;2
1658;1658;2
1659;1659;-2
1660;1660;-2
1661;1661;-2
1662;1662;-2
1663;1663;2
1664;1664;1
1665;1665;-3
1666;1666;4
1667;1667;-4
1668;1668;2
1669;1669;2
1670;1670;2
1671;1671;2
1672;1672;2
1673;1673;2
1674;1674;4
1675;1675;-3
1676;1676;3
1677;1677;3
1678;1678;6
1679;1679;6
1680;1680;6
1681;1681;5
1785;1785;2
1851;1851;7
1852;1852;5
1853;1853;5
1854;1854;-2
1855;1855;4
1856;1856;2
1857;1857;0
1858;1858;-1
1859;1859;1
1860;1860;-2
1861;1861;-2
1862;1862;2
1873;1873;2
1874;1874;2
1877;1877;-1
1878;1878;1
1879;1879;1
1880;1880;1
1881;1881;2
1884;1884;-4
1885;1885;-2
1886;1886;-2
1887;1887;-2
1888;1888;-2
1889;1889;-2
1890;1890;-2
1891;1891;-2
1892;1892;-2
1893;1893;-2
1894;1894;-3
1895;1895;3
1896;1896;3
1897;1897;3
1898;1898;3
1899;1899;3
1900;1900;3
1901;1901;3
1902;1902;3
1903;1903;2
1904;1904;3
1905;1905;-3
1906;1906;-3
1907;1907;2
1908;1908;-2
1909;1909;2
1910;1910;4
1911;1911;2
1960;1960;1
1961;1961;1
1962;1962;1
1965;1965;1
1966;1966;1
1967;1967;2
1977;1977;-1
1978;1978;1
1979;1979;1
1981;1981;-1
1982;1982;1
1989;1989;-2
1991;1991;-2
1992;1992;-2
1993;1993;2
1994;1994;2
2015;2015;-2
2016;2016;-2
2020;2020;-2
2025;2025;-2
2026;2026;-2
2027;2027;2
2044;2044;1
2045;2045;2
2046;2046;1
2047;2047;2
2048;2048;1
2049;2049;1
2050;2050;1
2051;2051;1
2065;2065;1
2066;2066;1
2067;2067;1
2068;2068;-1
2069;2069;2
2070;2070;1
2081;2081;1
2082;2082;1
2083;2083;1
2084;2084;2
2085;2085;1
2086;2086;3
2087;2087;2
2112;2112;2
2118;2118;-4
2119;2119;-3
2120;2120;-3
2121;2121;-5
2122;2122;6
2123;2123;6
2124;2124;-3
2125;2125;3
2126;2126;2
2128;2128;5
2129;2129;3
2130;2130;3
2131;2131;4
2132;2132;3
2133;2133;-4
2144;2144;4
2161;2161;-3
2172;2172;-4
2173;2173;5
2174;2174;3
2175;2175;4
2181;2181;2
2182;2182;2
2183;2183;1
2184;2184;1
2185;2185;1
2190;2190;-3
2191;2191;-2
2201;2201;-3
2202;2202;-2
2203;2203;2
2213;2213;2
2217;2217;-2
2218;2218;-2
2219;2219;-3
2220;2220;-3
2221;2221;2
2222;2222;2
2223;2223;2
2224;2224;2
2225;2225;3
2250;2250;6
2251;2251;5
2252;2252;-2
2253;2253;-2
2254;2254;-2
2255;2255;2
2256;2256;4
2257;2257;-3
2258;2258;2
2259;2259;3
2260;2260;1
2298;2298;1
2299;2299;2
2300;2300;2
2301;2301;-3
2302;2302;-2
2305;2305;-2
2306;2306;-2
2307;2307;2
2308;2308;-2
2309;2309;2
2310;2310;-3
2311;2311;3
2312;2312;-2
2313;2313;-3
2314;2314;-2
2315;2315;-3
2316;2316;-3
2335;2335;-1
2341;2341;-2
2342;2342;-2
2343;2343;-2
2344;2344;-2
2345;2345;2
2346;2346;-2
2347;2347;-2
2348;2348;-2
2349;2349;-2
2350;2350;-2
2351;2351;-2
2352;2352;-2
2381;2381;-3
2382;2382;-1
2383;2383;-1
2384;2384;3
2385;2385;1
2386;2386;1
2387;2387;-4
2388;2388;0
2389;2389;0
2390;2390;4
2391;2391;0
2392;2392;2
2393;2393;0
2394;2394;0
2395;2395;0
2396;2396;0
2397;2397;0
2398;2398;0
2399;2399;0
2400;2400;-3
2401;2401;0
2403;2403;0
2404;2404;0
2405;2405;0
2406;2406;3
2407;2407;-3
2408;2408;2
2409;2409;-4
2410;2410;6
2411;2411;-3
2412;2412;3
2413;2413;-3
2414;2414;-4
2415;2415;1
2416;2416;1
2417;2417;8
2474;2474;2
2493;2493;2
2494;2494;2
2495;2495;4
2496;2496;5
2497;2497;2
2498;2498;4
2499;2499;6
2500;2500;4
2508;2508;1
2509;2509;1
2510;2510;1
2517;2517;6
2518;2518;-2
2519;2519;-2
2520;2520;-2
2521;2521;-2
2522;2522;-2
2523;2523;-2
2524;2524;-2
2525;2525;2
2526;2526;2
2527;2527;2
2528;2528;2
2529;2529;2
2530;2530;2
2531;2531;-3
2532;2532;-3
2533;2533;-3
2534;2534;3
2535;2535;3
2536;2536;3
2537;2537;-4
2538;2538;-4
2539;2539;-4
2540;2540;-4
2541;2541;7
2542;2542;-5
2543;2543;4
2544;2544;4
2545;2545;7
2546;2546;8
2547;2547;-3
2548;2548;6
2549;2549;-4
2550;2550;-2
2551;2551;-3
2552;2552;4
2553;2553;5
2554;2554;6
2555;2555;-3
2556;2556;4
2557;2557;-3
2558;2558;2
2559;2559;5
2560;2560;3
2561;2561;-4
2562;2562;2
2563;2563;2
2649;2649;2
2650;2650;2
2651;2651;6
2652;2652;5
2653;2653;-2
2654;2654;-2
2655;2655;4
2656;2656;4
2657;2657;4
2658;2658;-2
2659;2659;-3
2660;2660;-5
2661;2661;2
2662;2662;3
2663;2663;3
2664;2664;3
2665;2665;2
2666;2666;2
2667;2667;4
2670;2670;-2
2671;2671;-3
2672;2672;2
2673;2673;2
2689;2689;1
2691;2691;2
2696;2696;-1
2697;2697;1
2698;2698;-2
2699;2699;2
2700;2700;1
2701;2701;-1
2702;2702;1
2703;2703;2
2704;2704;-2
2705;2705;1
2706;2706;1
2708;2708;-3
2713;2713;1
2714;2714;-2
2715;2715;2
2716;2716;3
2717;2717;-3
2718;2718;2
2719;2719;-5
2720;2720;2
2751;2751;2
2752;2752;-4
2753;2753;5
2754;2754;1
2755;2755;3
2764;2764;2
2765;2765;3
2766;2766;2
2767;2767;4
2768;2768;-1
2769;2769;1
2771;2771;-2
2772;2772;-2
2773;2773;-3
2774;2774;-4
2775;2775;2
2776;2776;2
2777;2777;3
2778;2778;3
2806;2806;1
2807;2807;1
2812;2812;1
2813;2813;-1
2814;2814;-2
2815;2815;-2
2816;2816;13
2817;2817;13
2818;2818;13
2819;2819;-5
2820;2820;-5
2821;2821;-5
2822;2822;3
2823;2823;3
2824;2824;-2
2825;2825;-2
2826;2826;17
2827;2827;17
2828;2828;-3
2829;2829;-3
2830;2830;6
2831;2831;6
2832;2832;-1
2833;2833;8
2834;2834;-6
2835;2835;-2
2836;2836;2
2837;2837;2
2838;2838;2
2839;2839;16
2840;2840;-7
2841;2841;-2
2842;2842;-2
2843;2843;-2
2844;2844;-2
2845;2845;-2
2846;2846;-2
2847;2847;-2
2848;2848;18
2849;2849;-8
2850;2850;12
2851;2851;-9
2852;2852;11
2853;2853;-10
2854;2854;19
2855;2855;-2
2856;2856;1
2857;2857;1
2858;2858;1
2859;2859;1
2860;2860;1
2861;2861;1
2862;2862;1
2863;2863;4
2864;2864;-3
2865;2865;-3
2866;2866;-3
2867;2867;4
2868;2868;4
2869;2869;-4
2870;2870;-4
2871;2871;-4
2872;2872;5
2873;2873;-2
2874;2874;-2
2875;2875;-2
2876;2876;-2
2877;2877;2
2878;2878;2
2879;2879;5
2880;2880;3
2881;2881;3
2882;2882;3
2883;2883;4
2884;2884;2
2885;2885;6
2886;2886;18
2887;2887;-3
2888;2888;4
2889;2889;16
2890;2890;2
2891;2891;2
2892;2892;5
2893;2893;-3
2894;2894;3
2895;2895;2
2896;2896;4
2966;2966;17
2970;2970;8
3062;3062;2
3063;3063;3
3106;3106;2
3107;3107;2
3108;3108;4
3109;3109;4
3110;3110;4
3111;3111;-3
3112;3112;4
3113;3113;13
3114;3114;3
3115;3115;7
3116;3116;2
3117;3117;20
3118;3118;5
3119;3119;11
3120;3120;19
3121;3121;4
3122;3122;2
3123;3123;3
3124;3124;1
3129;3129;2
3134;3134;5
3135;3135;5
3136;3136;4
3137;3137;2
3138;3138;3
3157;3157;2
3158;3158;1
3159;3159;2
3160;3160;3
3161;3161;1
3162;3162;1
3177;3177;4
3178;3178;5
3179;3179;3
3180;3180;2
3181;3181;2
3182;3182;3
3183;3183;4
3185;3185;2
3188;3188;2
3190;3190;3
3191;3191;1
3192;3192;1
3194;3194;1
3195;3195;2
3206;3206;2
3209;3209;2
3222;3222;2
3223;3223;3
3224;3224;1
3225;3225;1
3227;3227;1
3228;3228;-2
3229;3229;-3
3230;3230;-3
3231;3231;4
3232;3232;4
3233;3233;4
3234;3234;4
3235;3235;-2
3236;3236;-2
3237;3237;-2
3238;3238;-2
3239;3239;2
3240;3240;2
3241;3241;2
3242;3242;5
3243;3243;2
3244;3244;3
3245;3245;2
3246;3246;2
3247;3247;3
3287;3287;2
3288;3288;4
3289;3289;2
3291;3291;2
3294;3294;3
3295;3295;4
3296;3296;1
3310;3310;-2
3311;3311;-3
3312;3312;2
3313;3313;3
3314;3314;2
3315;3315;1
3316;3316;1
3317;3317;1
3318;3318;1
3319;3319;1
3320;3320;2
3321;3321;1
3322;3322;1
3323;3323;1
3324;3324;1
3326;3326;1
3327;3327;1
3328;3328;1
3329;3329;1
3330;3330;5
3331;3331;-6
3332;3332;6
3333;3333;-2
3334;3334;-2
3335;3335;2
3336;3336;-3
3337;3337;-3
3338;3338;-3
3339;3339;3
3340;3340;-4
3341;3341;-4
3342;3342;-4
3343;3343;4
3344;3344;-5
3345;3345;-5
3355;3355;2
3356;3356;-2
3391;3391;2
3392;3392;2
3393;3393;-2
3394;3394;-2
3395;3395;-1
3397;3397;-1
3398;3398;-4
3399;3399;-3
3400;3400;-2
3401;3401;-1
3402;3402;1
3403;3403;2
3404;3404;-5
3405;3405;3
3406;3406;4
3407;3407;5
3408;3408;6
3409;3409;5
3410;3410;-5
3411;3411;8
3412;3412;6
3413;3413;5
3414;3414;6
3415;3415;9
3416;3416;10
3417;3417;5
3418;3418;6
3419;3419;6
3420;3420;6
3421;3421;6
3422;3422;6
3423;3423;6
3424;3424;6
3425;3425;6
3426;3426;6
3427;3427;6
3428;3428;0
3429;3429;1
3430;3430;1
3431;3431;1
3432;3432;1
3433;3433;1
3434;3434;1
3437;3437;1
3438;3438;1
3441;3441;-2
3442;3442;-2
3443;3443;2
3444;3444;2
3466;3466;1
3467;3467;2
3468;3468;-1
3469;3469;1
3470;3470;1
3471;3471;4
3472;3472;3
3473;3473;2
3474;3474;1
3475;3475;1
3476;3476;1
3477;3477;1
3478;3478;1
3500;3500;2
3501;3501;2
3511;3511;2
3512;3512;3
3513;3513;4
3520;3520;2
3521;3521;5
3522;3522;-2
3523;3523;3
3524;3524;-3
3525;3525;4
3526;3526;-4
3527;3527;2
3528;3528;5
3529;3529;3
3530;3530;2
3548;3548;2
3549;3549;2
3550;3550;4
3551;3551;3
3552;3552;2
3553;3553;4
3554;3554;-3
3555;3555;2
3556;3556;3
3557;3557;-4
3558;3558;4
3559;3559;-5
3560;3560;5
3561;3561;-2
3562;3562;-2
3563;3563;2
3564;3564;2
3607;3607;2
3610;3610;1
3611;3611;-2
3612;3612;2
3613;3613;-3
3614;3614;-2
3615;3615;3
3616;3616;-4
3617;3617;4
3618;3618;-5
3619;3619;5
3620;3620;-6
3621;3621;2
3622;3622;2
3623;3623;3
3624;3624;-2
3625;3625;2
3671;3671;3
3672;3672;4
3673;3673;0
3674;3674;2
3675;3675;3
3676;3676;2
3677;3677;-2
3678;3678;2
3701;3701;3
3702;3702;2
3712;3712;2
3713;3713;-2
3714;3714;2
3715;3715;-2
3716;3716;-2
3717;3717;4
3718;3718;5
3719;3719;2
3720;3720;-3
3721;3721;-3
3722;3722;2
3723;3723;6
3724;3724;6
3725;3725;6
3726;3726;6
3727;3727;-2
3728;3728;-2
3729;3729;2
3730;3730;2
3731;3731;2
3732;3732;2
3733;3733;2
3734;3734;3
3735;3735;3
3736;3736;3
3737;3737;3
3738;3738;2
3739;3739;2
3740;3740;2
3741;3741;2
3742;3742;2
3743;3743;7
3744;3744;8
3745;3745;3
3876;3876;2
3877;3877;-4
3878;3878;4
3879;3879;3
3880;3880;2
3881;3881;2
3882;3882;2
3900;3900;1
3901;3901;1
3902;3902;1
3903;3903;1
3908;3908;5
3909;3909;6
3910;3910;7
3911;3911;4
3912;3912;1
3913;3913;2
3914;3914;-1
3915;3915;8
3916;3916;3
3917;3917;2
3918;3918;-2
3919;3919;2
3920;3920;2
3921;3921;2
3922;3922;5
3923;3923;6
3924;3924;5
3925;3925;3
3926;3926;3
3927;3927;2
3928;3928;2
3929;3929;2
3930;3930;2
3931;3931;4
3932;3932;3
3992;3992;-2
3993;3993;2
3994;3994;-3
3995;3995;1
3996;3996;1
4005;4005;2
4006;4006;1
4007;4007;1
4012;4012;5
4013;4013;1
4014;4014;1
4015;4015;4
4016;4016;4
4017;4017;1
4018;4018;1
4019;4019;3
4020;4020;2
4024;4024;2
4040;4040;2
4042;4042;-2
4043;4043;-2
4044;4044;1
4045;4045;2
4052;4052;2
4053;4053;3
4054;4054;1
4055;4055;1
4057;4057;1
4058;4058;1
4059;4059;1
4060;4060;1
4061;4061;2
4062;4062;-1
4063;4063;1
4067;4067;2
4068;4068;1
4073;4073;-1
4074;4074;3
4075;4075;-5
4076;4076;5
4077;4077;5
4078;4078;5
4079;4079;-6
4080;4080;1
4081;4081;1
4082;4082;-7
4083;4083;6
4084;4084;-8
4085;4085;7
4086;4086;-9
4087;4087;-2
4088;4088;-2
4089;4089;-3
4090;4090;3
4091;4091;8
4092;4092;-10
4093;4093;9
4094;4094;-11
4095;4095;10
4096;4096;-12
4097;4097;6
4098;4098;-13
4099;4099;11
4100;4100;2
4101;4101;-2
4102;4102;-2
4103;4103;-2
4104;4104;-2
4105;4105;-2
4106;4106;-2
4107;4107;-2
4108;4108;-2
4109;4109;2
4110;4110;2
4111;4111;2
4112;4112;2
4113;4113;2
4114;4114;2
4115;4115;3
4116;4116;3
4117;4117;-3
4118;4118;-3
4119;4119;2
4120;4120;2
4121;4121;2
4122;4122;4
4123;4123;-2
4124;4124;-3
4125;4125;4
4126;4126;4
4127;4127;5
4128;4128;-4
4129;4129;-4
4130;4130;3
4131;4131;3
4132;4132;3
4133;4133;4
4134;4134;4
4135;4135;-5
4136;4136;3
4137;4137;-2
4138;4138;2
4139;4139;2
4140;4140;2
4141;4141;-2
4142;4142;3
4143;4143;3
4144;4144;2
4145;4145;5
4146;4146;-2
4229;4229;4
4231;4231;3
4370;4370;2
4371;4371;3
4372;4372;-1
4375;4375;-2
4382;4382;-2
4383;4383;2
4384;4384;3
4408;4408;2
4409;4409;-2
4410;4410;2
4411;4411;3
4412;4412;-2
4413;4413;-2
4446;4446;1
4447;4447;-2
4448;4448;3
4449;4449;2
4454;4454;1
4455;4455;1
4477;4477;1
4478;4478;1
4479;4479;1
4480;4480;1
4481;4481;2
4492;4492;-2
4493;4493;-2
4494;4494;2
4495;4495;2
4496;4496;2
4497;4497;-3
4498;4498;5
4499;4499;2
4500;4500;3
4501;4501;2
4502;4502;1
4503;4503;1
4504;4504;1
4505;4505;1
4530;4530;1
4531;4531;1
4533;4533;1
4534;4534;1
4535;4535;1
4536;4536;1
4537;4537;1
4538;4538;1
4539;4539;1
4540;4540;1
4541;4541;1
4542;4542;1
4543;4543;-2
4544;4544;-2
4545;4545;2
4546;4546;2
4547;4547;1
4548;4548;-1
4549;4549;3
4550;4550;3
4551;4551;1
4552;4552;-1
4553;4553;1
4554;4554;1
4555;4555;1
4556;4556;1
4557;4557;1
4558;4558;1
4559;4559;1
4560;4560;1
4561;4561;1
4569;4569;1
4570;4570;-2
4571;4571;2
4572;4572;2
4573;4573;-2
4574;4574;3
4575;4575;3
4576;4576;3
4577;4577;2
4578;4578;2
4579;4579;2
4580;4580;2
4581;4581;4
4582;4582;5
4583;4583;6
4584;4584;3
4655;4655;4
4656;4656;2
4657;4657;-2
4658;4658;2
4661;4661;1
4662;4662;-1
4663;4663;2
4664;4664;3
4665;4665;2
4666;4666;1
4667;4667;1
4668;4668;1
4669;4669;1
4672;4672;1
4673;4673;-2
4674;4674;-1
4675;4675;1
4676;4676;1
4677;4677;1
4678;4678;-1
4679;4679;2
4680;4680;-1
4681;4681;-2
4682;4682;1
4683;4683;1
4684;4684;1
4685;4685;1
4686;4686;-1
4687;4687;1
4688;4688;1
4691;4691;-2
4692;4692;2
4693;4693;2
4694;4694;2
4695;4695;3
4696;4696;4
4717;4717;1
4718;4718;2
4719;4719;1
4720;4720;1
4721;4721;1
4722;4722;1
4723;4723;1
4724;4724;2
4726;4726;1
4729;4729;3
4730;4730;2
4731;4731;1
4732;4732;1
4733;4733;1
4743;4743;1
4744;4744;2
4745;4745;3
4746;4746;4
4747;4747;1
4748;4748;1
4749;4749;-1
4750;4750;1
4751;4751;-1
4752;4752;-1
4753;4753;2
4754;4754;1
4755;4755;1
4756;4756;2
4757;4757;1
4758;4758;-1
4759;4759;1
4760;4760;1
4761;4761;1
4762;4762;1
4763;4763;1
4764;4764;1
4765;4765;2
4766;4766;1
4778;4778;-2
4779;4779;1
4780;4780;1
4781;4781;1
4782;4782;1
4783;4783;1
4799;4799;2
4801;4801;3
4805;4805;2
4806;4806;-2
4807;4807;2
4808;4808;-3
4809;4809;3
4810;4810;-4
4820;4820;-7
4821;4821;3
4823;4823;-9
4824;4824;-2
4825;4825;-2
4826;4826;2
4827;4827;-1
4828;4828;0
4829;4829;1
4830;4830;8
4831;4831;13
4832;4832;9
4833;4833;-2
4834;4834;-2
4835;4835;-2
4836;4836;-2
4837;4837;-5
4838;4838;-4
4839;4839;-10
4840;4840;-11
4841;4841;-12
4842;4842;5
4843;4843;4
4844;4844;2
4845;4845;2
4846;4846;2
4847;4847;2
4848;4848;-3
4849;4849;-10
4850;4850;9
4851;4851;-5
4852;4852;-5
4853;4853;-5
4854;4854;-5
4855;4855;-5
4856;4856;-5
4857;4857;-5
4858;4858;-5
4859;4859;-5
4860;4860;-5
4861;4861;-5
4862;4862;-5
4863;4863;-5
4864;4864;-2
4865;4865;-3
4866;4866;-17
4867;4867;-10
4868;4868;2
4869;4869;2
4870;4870;2
4871;4871;2
4872;4872;2
4873;4873;2
4874;4874;2
4875;4875;2
4876;4876;2
4877;4877;2
4878;4878;2
4879;4879;2
4880;4880;2
4881;4881;2
4882;4882;2
4883;4883;-2
4884;4884;-3
4885;4885;-14
4886;4886;-8
4887;4887;-10
4888;4888;-4
4889;4889;-4
4890;4890;-4
4891;4891;-10
4892;4892;9
4893;4893;9
4894;4894;5
4895;4895;5
4896;4896;5
4897;4897;5
4898;4898;5
4899;4899;5
4900;4900;5
4901;4901;9
4902;4902;-7
4903;4903;-4
4904;4904;-11
4905;4905;-6
4906;4906;10
4907;4907;7
4908;4908;-4
4909;4909;2
4910;4910;2
4911;4911;2
4912;4912;3
4913;4913;3
4914;4914;3
4915;4915;-3
4916;4916;3
4917;4917;3
4918;4918;-4
4919;4919;4
4920;4920;4
4921;4921;-4
4922;4922;-3
4923;4923;-7
4924;4924;-4
4925;4925;-7
4926;4926;9
4927;4927;5
5173;5173;-3
5174;5174;5
5175;5175;3
5176;5176;3
5178;5178;4
5179;5179;6
5180;5180;14
5181;5181;13
5182;5182;3
5183;5183;4
5184;5184;3
5185;5185;2
5186;5186;2
5187;5187;2
5188;5188;2
5189;5189;1
5190;5190;1
5191;5191;1
5192;5192;1
5193;5193;1
5194;5194;1
5195;5195;1
5196;5196;-1
5197;5197;-1
5198;5198;-1
5199;5199;-1
5200;5200;-1
5201;5201;1
5202;5202;2
5203;5203;1
5204;5204;1
5210;5210;-2
5211;5211;-5
5212;5212;-2
5213;5213;3
5214;5214;2
5215;5215;-2
5216;5216;2
5217;5217;2
5218;5218;-3
5219;5219;-4
5220;5220;3
5221;5221;3
5222;5222;3
5223;5223;3
5224;5224;3
5225;5225;5
5226;5226;5
5227;5227;3
5228;5228;2
5229;5229;2
5230;5230;2
5231;5231;2
5232;5232;2
5233;5233;2
5234;5234;2
5235;5235;3
5236;5236;6
5237;5237;6
5238;5238;4
5239;5239;5
5348;5348;4
5349;5349;2
5350;5350;-2
5351;5351;3
5352;5352;2
5353;5353;1
5354;5354;2
5361;5361;1
5362;5362;1
5363;5363;1
5364;5364;1
5365;5365;1
5366;5366;-1
5367;5367;1
5368;5368;1
5369;5369;1
5370;5370;1
5373;5373;1
5374;5374;-2
5377;5377;1
5378;5378;1
5380;5380;2
5381;5381;1
5382;5382;-1
5383;5383;1
5384;5384;1
5385;5385;1
5386;5386;1
5387;5387;1
5388;5388;1
5389;5389;1
5390;5390;1
5391;5391;1
5392;5392;1
5393;5393;1
5394;5394;1
5395;5395;1
5396;5396;1
5397;5397;1
5398;5398;1
5399;5399;1
5400;5400;1
5401;5401;1
5402;5402;1
5403;5403;1
5404;5404;1
5405;5405;1
5406;5406;1
5407;5407;1
5408;5408;1
5411;5411;1
5412;5412;1
5413;5413;1
5414;5414;1
5415;5415;1
5416;5416;1
5417;5417;2
5418;5418;2
5419;5419;3
5420;5420;1
5421;5421;1
5422;5422;1
5423;5423;1
5424;5424;1
5425;5425;1
5439;5439;1
5440;5440;1
5441;5441;1
5442;5442;2
5443;5443;1
5444;5444;1
5445;5445;1
5446;5446;1
5447;5447;1
5448;5448;1
5449;5449;1
5450;5450;1
5451;5451;-1
5452;5452;2
5453;5453;1
5454;5454;3
5455;5455;1
5459;5459;1
5460;5460;-1
5461;5461;1
5462;5462;1
5463;5463;1
5464;5464;-2
5465;5465;-2
5466;5466;-2
5467;5467;4
5468;5468;-3
5469;5469;5
5470;5470;6
5471;5471;-5
5472;5472;-2
5473;5473;-2
5474;5474;-2
5475;5475;4
5476;5476;2
5477;5477;3
5478;5478;3
5479;5479;-2
5480;5480;-2
5481;5481;-2
5482;5482;-2
5483;5483;-2
5484;5484;-2
5485;5485;2
5486;5486;2
5487;5487;2
5488;5488;2
5489;5489;2
5490;5490;2
5491;5491;2
5492;5492;2
5493;5493;2
5494;5494;-2
5495;5495;-2
5496;5496;-2
5497;5497;-2
5498;5498;2
5499;5499;2
5500;5500;2
5501;5501;2
5502;5502;2
5503;5503;-3
5504;5504;-3
5505;5505;-3
5506;5506;3
5507;5507;3
5508;5508;-4
5509;5509;-4
5510;5510;2
5511;5511;2
5512;5512;2
5513;5513;3
5514;5514;3
5515;5515;3
5516;5516;-2
5517;5517;-2
5518;5518;3
5519;5519;2
5520;5520;4
5521;5521;4
5522;5522;-2
5523;5523;2
5524;5524;5
5647;5647;2
5648;5648;1
5649;5649;1
5650;5650;1
5651;5651;1
5652;5652;1
5653;5653;1
5654;5654;-1
5655;5655;1
5656;5656;1
5657;5657;5
5658;5658;-4
5659;5659;-2
5660;5660;4
5661;5661;-2
5662;5662;2
5663;5663;2
5664;5664;3
5665;5665;-3
5666;5666;-3
5667;5667;-3
5668;5668;2
5669;5669;-2
5670;5670;6
5671;5671;-3
5672;5672;4
5673;5673;3
5674;5674;2
5675;5675;2
5720;5720;2
5721;5721;1
5722;5722;-1
5723;5723;2
5724;5724;-1
5725;5725;1
5726;5726;1
5727;5727;1
5728;5728;1
5729;5729;1
5731;5731;-3
5732;5732;3
5733;5733;-2
5734;5734;-2
5735;5735;-2
5736;5736;-2
5737;5737;-2
5738;5738;2
5739;5739;2
5740;5740;2
5741;5741;2
5742;5742;3
5743;5743;3
5744;5744;4
5745;5745;2
5787;5787;2
5791;5791;-1
5792;5792;-1
5793;5793;-1
5794;5794;-1
5795;5795;1
5796;5796;1
5797;5797;1
5798;5798;-1
5799;5799;-2
5800;5800;-1
5801;5801;-1
5802;5802;2
5803;5803;1
5804;5804;1
5805;5805;1
5806;5806;1
5807;5807;1
5808;5808;1
5809;5809;1
5810;5810;2
5811;5811;4
5812;5812;2
5813;5813;1
5814;5814;2
5815;5815;2
5816;5816;1
5817;5817;1
5818;5818;1
5819;5819;1
5820;5820;1
5821;5821;1
5822;5822;1
5823;5823;1
5824;5824;1
5825;5825;3
5826;5826;1
5827;5827;1
5828;5828;1
5829;5829;1
5830;5830;-2
5831;5831;2
5832;5832;3
5833;5833;3
5834;5834;3
5835;5835;2
5836;5836;2
5837;5837;2
5838;5838;3
5863;5863;2
5864;5864;1
5865;5865;1
5866;5866;1
5867;5867;1
5868;5868;1
5869;5869;1
5870;5870;-1
5871;5871;-2
5872;5872;3
5873;5873;3
5874;5874;2
5893;5893;1
5894;5894;1
5895;5895;1
5896;5896;1
5897;5897;1
5898;5898;1
5899;5899;1
5900;5900;1
5901;5901;2
5902;5902;1
5903;5903;1
5904;5904;1
5905;5905;1
5906;5906;3
5913;5913;1
5914;5914;1
5915;5915;1
5916;5916;-5
5917;5917;-5
5918;5918;4
5919;5919;-6
5920;5920;-6
5921;5921;5
5922;5922;-2
5923;5923;-2
5924;5924;-2
5925;5925;-2
5926;5926;-2
5927;5927;-2
5928;5928;-2
5929;5929;-2
5930;5930;-2
5931;5931;-2
5932;5932;-2
5933;5933;-2
5934;5934;-2
5935;5935;-2
5936;5936;-2
5937;5937;-2
5938;5938;-2
5939;5939;-2
5940;5940;-2
5941;5941;-2
5942;5942;-2
5943;5943;-9
5944;5944;1
5945;5945;-3
5946;5946;-3
5947;5947;-3
5948;5948;-3
5950;5950;-4
5951;5951;-2
5952;5952;-6
5953;5953;-6
5954;5954;-2
5956;5956;-4
5957;5957;-4
5958;5958;-4
5959;5959;-4
5961;5961;2
5962;5962;2
5963;5963;2
5964;5964;2
5965;5965;2
5966;5966;2
5967;5967;2
5968;5968;2
5969;5969;2
5970;5970;2
5971;5971;2
5972;5972;2
5973;5973;2
5974;5974;2
5975;5975;2
5976;5976;2
5978;5978;2
5979;5979;2
5980;5980;2
5981;5981;2
5982;5982;4
5984;5984;3
5985;5985;2
5986;5986;2
5987;5987;5
5988;5988;2
5989;5989;-3
5990;5990;-3
5991;5991;-3
5992;5992;-3
5993;5993;-4
5994;5994;5
5995;5995;-7
5996;5996;2
5997;5997;-3
5998;5998;3
5999;5999;3
6000;6000;-2
6001;6001;4
6002;6002;-2
6003;6003;4
6004;6004;-3
6005;6005;-3
6006;6006;2
6007;6007;2
6008;6008;2
6009;6009;-4
6010;6010;-4
6011;6011;2
6012;6012;2
6013;6013;2
6014;6014;2
6015;6015;3
6016;6016;2
6017;6017;3
6018;6018;3
6019;6019;2
6020;6020;2
6021;6021;-2
6026;6026;-1
6217;6217;3
6218;6218;-2
6219;6219;1
6220;6220;1
6221;6221;1
6222;6222;1
6223;6223;-1
6224;6224;-1
6225;6225;1
6226;6226;1
6227;6227;1
6228;6228;1
6229;6229;2
6230;6230;1
6231;6231;1
6232;6232;1
6234;6234;2
6235;6235;1
6236;6236;1
6240;6240;2
6241;6241;1
6242;6242;1
6245;6245;1
6246;6246;1
6247;6247;1
6248;6248;-1
6249;6249;2
6250;6250;1
6259;6259;1
6260;6260;1
6261;6261;1
6263;6263;-1
6264;6264;2
6265;6265;1
6266;6266;1
6267;6267;1
6268;6268;1
6269;6269;1
6277;6277;1
6278;6278;2
6279;6279;2
6280;6280;1
6281;6281;2
6282;6282;1
6283;6283;1
6284;6284;1
6285;6285;1
6286;6286;1
6287;6287;1
6288;6288;-1
6289;6289;1
6292;6292;1
6293;6293;1
6294;6294;1
6295;6295;3
6296;6296;3
6297;6297;3
6298;6298;1
6299;6299;-1
6300;6300;2
6301;6301;2
6302;6302;1
6303;6303;1
6304;6304;1
6305;6305;1
6306;6306;1
6307;6307;1
6308;6308;1
6309;6309;1
6310;6310;1
6311;6311;1
6312;6312;1
6313;6313;1
6314;6314;1
6315;6315;1
6316;6316;1
6317;6317;1
6318;6318;1
6319;6319;1
6320;6320;1
6321;6321;1
6322;6322;2
6325;6325;2
6326;6326;1
6327;6327;1
6328;6328;1
6329;6329;1
6330;6330;2
6341;6341;-2
6342;6342;1
6343;6343;2
6344;6344;1
6345;6345;1
6346;6346;1
6347;6347;1
6348;6348;1
6349;6349;1
6350;6350;1
6351;6351;-1
6352;6352;1
6353;6353;1
6354;6354;1
6357;6357;-1
6358;6358;-1
6359;6359;-1
6360;6360;-1
6361;6361;-1
6362;6362;-1
6363;6363;-1
6364;6364;-1
6365;6365;1
6366;6366;1
6367;6367;1
6368;6368;2
6369;6369;1
6370;6370;1
6371;6371;1
6372;6372;1
6373;6373;-2
6374;6374;-1
6375;6375;1
6376;6376;1
6377;6377;2
6378;6378;2
6379;6379;1
6380;6380;1
6381;6381;1
6382;6382;1
6383;6383;1
6384;6384;1
6385;6385;2
6386;6386;1
6389;6389;1
6390;6390;1
6391;6391;1
6392;6392;1
6393;6393;1
6394;6394;1
6395;6395;1
6396;6396;1
6397;6397;-1
6398;6398;1
6402;6402;1
6403;6403;2
6404;6404;2
6405;6405;2
6406;6406;3
6407;6407;3
6408;6408;2
6409;6409;2
6410;6410;1
6411;6411;1
6412;6412;1
6449;6449;1
6450;6450;1
6451;6451;1
6452;6452;1
6453;6453;3
6454;6454;2
6455;6455;2
6456;6456;-2
6457;6457;-2
6458;6458;2
6459;6459;2
6460;6460;2
6461;6461;2
6462;6462;2
6463;6463;2
6464;6464;2
6465;6465;2
6466;6466;2
6467;6467;2
6468;6468;3
6469;6469;3
6470;6470;2
6471;6471;2
6472;6472;2
6473;6473;2
6474;6474;2
6475;6475;3
6476;6476;3
6477;6477;4
6571;6571;-3
6572;6572;-3
6625;6625;2
6626;6626;1
6627;6627;1
6628;6628;2
6634;6634;2
6635;6635;3
6636;6636;1
6637;6637;-1
6638;6638;1
6639;6639;1
6640;6640;-1
6644;6644;-1
6645;6645;1
6646;6646;1
6647;6647;1
6648;6648;1
6649;6649;1
6650;6650;1
6651;6651;1
6652;6652;1
6653;6653;1
6667;6667;2
6668;6668;2
6669;6669;2
6670;6670;1
6688;6688;2
6689;6689;3
6690;6690;2
6696;6696;1
6698;6698;3
6699;6699;2
6703;6703;1
6704;6704;1
6706;6706;1
6707;6707;1
6708;6708;1
6710;6710;1
6711;6711;1
6712;6712;1
6713;6713;1
6714;6714;1
6715;6715;1
6716;6716;2
6717;6717;1
6718;6718;1
6726;6726;-1
6727;6727;1
6728;6728;1
6729;6729;1
6730;6730;1
6731;6731;1
6732;6732;1
6733;6733;1
6734;6734;1
6735;6735;1
6736;6736;3
6737;6737;2
6738;6738;1
6739;6739;1
6740;6740;1
6741;6741;1
6742;6742;1
6749;6749;-2
6750;6750;1
6751;6751;-2
6752;6752;2
6753;6753;-1
6754;6754;-2
6755;6755;4
6756;6756;4
6757;6757;4
6758;6758;4
6759;6759;4
6760;6760;6
6761;6761;6
6762;6762;5
6763;6763;5
6764;6764;1
6765;6765;1
6766;6766;1
6767;6767;1
6768;6768;1
6769;6769;1
6770;6770;1
6771;6771;1
6772;6772;1
6773;6773;1
6774;6774;1
6775;6775;1
6776;6776;3
6777;6777;2
6787;6787;2
6807;6807;1
6808;6808;-1
6809;6809;1
6810;6810;2
6811;6811;1
6812;6812;1
6813;6813;1
6814;6814;1
6815;6815;1
6818;6818;-2
6819;6819;-2
6820;6820;2
6821;6821;2
6822;6822;0
6850;6850;1
6866;6866;2
6867;6867;-2
6868;6868;-2
6869;6869;-2
6870;6870;2
6871;6871;2
6872;6872;2
6873;6873;-2
6874;6874;2
6875;6875;3
6876;6876;-3
6877;6877;4
6878;6878;2
6879;6879;2
6880;6880;2
6881;6881;2
6882;6882;2
6883;6883;3
6884;6884;3
6938;6938;3
6939;6939;1
6940;6940;1
6941;6941;1
6950;6950;1
6951;6951;-7
6952;6952;-8
6953;6953;-9
6954;6954;-10
6955;6955;-11
6956;6956;-2
6957;6957;-2
6958;6958;-2
6959;6959;-2
6960;6960;-2
6961;6961;-2
6962;6962;-2
6963;6963;-4
6964;6964;-5
6965;6965;-2
6966;6966;-6
6967;6967;-4
6968;6968;-2
6969;6969;-4
6970;6970;-3
6971;6971;-2
6972;6972;-2
6973;6973;-2
6974;6974;-4
6975;6975;2
6976;6976;5
6977;6977;2
6978;6978;2
6979;6979;2
6980;6980;2
6981;6981;6
6982;6982;5
6983;6983;2
6984;6984;2
6985;6985;4
6986;6986;12
6987;6987;11
6988;6988;3
6989;6989;3
6990;6990;3
6991;6991;3
6992;6992;-2
6993;6993;-2
6994;6994;-5
6995;6995;7
6996;6996;3
6997;6997;-4
6998;6998;5
6999;6999;-5
7000;7000;-6
7001;7001;12
7002;7002;4
7003;7003;4
7004;7004;4
7005;7005;4
7006;7006;4
7007;7007;4
7008;7008;4
7009;7009;4
7010;7010;4
7011;7011;4
7012;7012;4
7013;7013;4
7014;7014;4
7015;7015;4
7016;7016;4
7017;7017;4
7018;7018;2
7019;7019;4
7020;7020;4
7021;7021;4
7022;7022;4
7023;7023;4
7024;7024;2
7025;7025;3
7026;7026;4
7027;7027;3
7028;7028;2
7029;7029;2
7030;7030;2
7031;7031;2
7032;7032;2
7033;7033;2
7034;7034;2
7035;7035;2
7036;7036;4
7037;7037;2
7038;7038;2
7039;7039;2
7040;7040;2
7041;7041;4
7042;7042;6
7043;7043;3
7044;7044;3
7045;7045;3
7046;7046;3
7047;7047;3
7048;7048;2
7049;7049;3
7050;7050;5
7051;7051;2
7052;7052;2
7053;7053;2
7054;7054;2
7055;7055;2
7056;7056;2
7057;7057;1
7058;7058;1
7059;7059;1
7060;7060;1
7061;7061;1
7062;7062;1
7063;7063;1
7064;7064;2
7065;7065;5
7066;7066;5
7067;7067;5
7068;7068;5
7069;7069;7
7070;7070;7
7071;7071;7
7072;7072;7
7073;7073;5
7074;7074;5
7075;7075;5
7076;7076;5
7077;7077;6
7078;7078;6
7079;7079;8
7162;7162;-4
7183;7183;3
7456;7456;2
7457;7457;2
7458;7458;2
7459;7459;4
7460;7460;4
7461;7461;3
7462;7462;3
7463;7463;-2
7464;7464;2
7465;7465;5
7466;7466;7
7467;7467;3
7468;7468;8
7469;7469;-3
7470;7470;5
7471;7471;2
7472;7472;9
7473;7473;10
7474;7474;0
7475;7475;10
7476;7476;2
7490;7490;2
7491;7491;1
7492;7492;1
7493;7493;1
7495;7495;1
7498;7498;1
7499;7499;-1
7500;7500;1
7501;7501;1
7502;7502;1
7503;7503;1
7504;7504;1
7505;7505;1
7514;7514;2
7515;7515;2
7516;7516;2
7517;7517;1
7518;7518;1
7519;7519;1
7520;7520;1
7521;7521;1
7522;7522;1
7541;7541;1
7542;7542;1
7543;7543;1
7544;7544;1
7545;7545;1
7546;7546;-2
7547;7547;2
7548;7548;-2
7549;7549;-2
7550;7550;2
7551;7551;2
7552;7552;3
7553;7553;4
7583;7583;-2
7584;7584;1
7585;7585;-1
7586;7586;1
7597;7597;1
7601;7601;1
7602;7602;1
7603;7603;1
7604;7604;1
7605;7605;1
7606;7606;1
7607;7607;2
7608;7608;1
7609;7609;1
7610;7610;1
7611;7611;1
7612;7612;1
7616;7616;1
7617;7617;1
7618;7618;1
7619;7619;1
7620;7620;2
7621;7621;1
7622;7622;1
7623;7623;1
7624;7624;1
7629;7629;-2
7630;7630;2
7631;7631;-2
7632;7632;2
7633;7633;3
7634;7634;4
7648;7648;-1
7649;7649;1
7650;7650;1
7651;7651;1
7652;7652;1
7654;7654;1
7655;7655;1
7656;7656;2
7657;7657;-2
7658;7658;-3
7659;7659;-2
7660;7660;-2
7661;7661;2
7662;7662;2
7663;7663;3
7664;7664;-3
7665;7665;2
7678;7678;4
7679;7679;4
7680;7680;4
7681;7681;4
7682;7682;3
7683;7683;2
7684;7684;2
7685;7685;3
7686;7686;2
7700;7700;2
7720;7720;-1
7721;7721;2
7722;7722;2
7723;7723;1
7724;7724;3
7725;7725;-1
7726;7726;2
7727;7727;2
7728;7728;1
7729;7729;1
7730;7730;1
7731;7731;1
7732;7732;1
7733;7733;1
7734;7734;1
7735;7735;1
7736;7736;1
7740;7740;6
7741;7741;7
7742;7742;8
7743;7743;3
7746;7746;-3
7747;7747;3
7779;7779;1
7780;7780;-1
7782;7782;4
7783;7783;2
7784;7784;2
7785;7785;3
7786;7786;1
7787;7787;1
7788;7788;1
7789;7789;1
7790;7790;1
7791;7791;1
7792;7792;1
7795;7795;2
7796;7796;1
7797;7797;1
7798;7798;1
7799;7799;1
7800;7800;-1
7801;7801;1
7802;7802;1
7803;7803;1
7804;7804;1
7805;7805;1
7806;7806;3
7807;7807;2
7808;7808;1
7809;7809;2
7810;7810;1
7811;7811;1
7812;7812;1
7813;7813;1
7814;7814;1
7815;7815;1
7816;7816;1
7817;7817;1
7818;7818;1
7819;7819;1
7820;7820;1
7821;7821;1
7822;7822;1
7823;7823;1
7824;7824;1
7826;7826;3
7827;7827;2
7828;7828;2
7829;7829;1
7830;7830;1
7831;7831;1
7832;7832;2
7833;7833;2
7834;7834;2
7835;7835;1
7836;7836;1
7837;7837;1
7838;7838;1
7839;7839;1
7840;7840;1
7841;7841;1
7842;7842;1
7843;7843;1
7844;7844;1
7845;7845;1
7846;7846;1
7847;7847;1
7868;7868;2
7870;7870;2
7871;7871;4
7872;7872;3
7873;7873;3
7874;7874;3
7875;7875;3
7876;7876;3
7877;7877;3
7878;7878;3
7879;7879;2
7880;7880;2
7881;7881;2
7882;7882;2
7890;7890;3
7931;7931;4
7932;7932;4
7933;7933;1
7934;7934;1
7935;7935;1
7936;7936;1
7937;7937;1
7938;7938;1
7939;7939;1
7940;7940;4
7941;7941;1
7942;7942;1
7943;7943;2
7944;7944;2
7945;7945;2
7946;7946;3
7947;7947;3
7948;7948;1
7949;7949;1
7950;7950;1
7951;7951;1
7952;7952;1
7953;7953;1
7954;7954;1
7955;7955;1
7956;7956;1
7957;7957;1
7958;7958;1
7959;7959;1
7960;7960;1
7961;7961;1
7962;7962;1
7963;7963;1
7964;7964;1
7965;7965;2
8014;8014;1
8015;8015;1
8016;8016;1
8017;8017;2
8018;8018;1
8019;8019;1
8020;8020;1
8021;8021;1
8029;8029;1
8030;8030;1
8031;8031;1
8032;8032;1
8033;8033;1
8034;8034;1
8035;8035;2
8036;8036;2
8037;8037;2
8038;8038;1
8039;8039;1
8040;8040;1
8041;8041;1
8042;8042;1
8043;8043;1
8044;8044;1
8045;8045;1
8046;8046;1
8047;8047;1
8048;8048;1
8049;8049;1
8050;8050;1
8051;8051;1
8052;8052;-2
8053;8053;-2
8054;8054;2
8055;8055;2
8056;8056;2
8057;8057;2
8067;8067;1
8068;8068;-2
8069;8069;-2
8070;8070;-2
8071;8071;2
8072;8072;-2
8073;8073;5
8074;8074;3
8075;8075;3
8076;8076;2
8077;8077;2
8078;8078;-2
8079;8079;-3
8080;8080;2
8081;8081;2
8082;8082;2
8083;8083;2
8084;8084;2
8085;8085;2
8086;8086;2
8087;8087;3
8088;8088;3
8089;8089;3
8090;8090;2
8091;8091;5
8092;8092;4
8093;8093;6
8094;8094;9
8163;8163;8
8164;8164;7
8165;8165;7
8166;8166;2
8176;8176;2
8179;8179;1
8180;8180;-1
8181;8181;1
8182;8182;1
8187;8187;2
8188;8188;1
8189;8189;-1
8190;8190;1
8191;8191;-1
8192;8192;1
8193;8193;1
8194;8194;1
8195;8195;1
8196;8196;1
8197;8197;-2
8198;8198;2
8210;8210;1
8211;8211;2
8231;8231;2
8239;8239;-2
8240;8240;2
8241;8241;3
8242;8242;2
8243;8243;2
8244;8244;2
8245;8245;-2
8246;8246;2
8275;8275;2
8278;8278;2
8279;8279;2
8286;8286;2
8287;8287;3
8288;8288;2
8312;8312;-2
8313;8313;-2
8314;8314;-2
8315;8315;2
8316;8316;2
8317;8317;2
8318;8318;2
8334;8334;-2
8335;8335;2
8342;8342;-2
8343;8343;-2
8344;8344;2
8345;8345;-3
8346;8346;3
8347;8347;2
8356;8356;-2
8357;8357;2
8362;8362;2
8363;8363;3
8364;8364;2
8380;8380;2
8381;8381;3
8382;8382;-2
8383;8383;-2
8384;8384;2
8385;8385;2
8386;8386;0
8387;8387;0
8430;8430;2
8432;8432;2
8443;8443;1
8445;8445;2
8446;8446;-2
8447;8447;-2
8448;8448;-2
8449;8449;-2
8450;8450;2
8451;8451;2
8452;8452;2
8453;8453;2
8454;8454;0
8455;8455;-1
8456;8456;2
8457;8457;0
8458;8458;-2
8459;8459;2
8460;8460;-1
8461;8461;1
8465;8465;2
8468;8468;-2
8471;8471;-1
8472;8472;1
8476;8476;3
8479;8479;-4
8527;8527;2
8536;8536;-1
8537;8537;1
8551;8551;2
8553;8553;1
8554;8554;4
8568;8568;-3
8569;8569;3
8570;8570;-2
8571;8571;2
8572;8572;-5
8586;8586;-2
8587;8587;-4
8588;8588;-3
8594;8594;1
8595;8595;-1
8596;8596;1
8597;8597;-1
8598;8598;1
8599;8599;0
8600;8600;0
8603;8603;-1
8604;8604;1
8605;8605;1
8606;8606;-1
8607;8607;1
8608;8608;-1
8609;8609;1
8613;8613;5
8614;8614;2
8620;8620;-2
8624;8624;2
8630;8630;4
8631;8631;1
8632;8632;2
8633;8633;3
8635;8635;1
8636;8636;-2
8637;8637;2
8638;8638;2
8639;8639;3
8644;8644;1
8645;8645;2
8646;8646;-1
8647;8647;-1
8648;8648;-1
8649;8649;3
8653;8653;4
8658;8658;9
8659;8659;-11
8662;8662;1
8663;8663;1
8664;8664;1
8668;8668;-1
8669;8669;1
8670;8670;1
8671;8671;1
8672;8672;1
8673;8673;1
8674;8674;1
8675;8675;1
8676;8676;1
8677;8677;4
8678;8678;2
8679;8679;1
8681;8681;1
8682;8682;2
8683;8683;1
8684;8684;1
8685;8685;-2
8686;8686;2
8687;8687;3
8688;8688;1
8689;8689;1
8690;8690;-2
8691;8691;3
8698;8698;5
8699;8699;2
8701;8701;-3
8702;8702;3
8703;8703;2
8704;8704;2
8708;8708;1
8709;8709;1
8710;8710;1
8711;8711;1
8713;8713;2
8715;8715;-1
8716;8716;1
8719;8719;5
8720;8720;4
8721;8721;2
8723;8723;-1
8724;8724;1
8725;8725;1
8726;8726;-1
8727;8727;1
8728;8728;2
8729;8729;0
8730;8730;-1
8731;8731;1
8732;8732;0
8733;8733;2
8734;8734;1
8735;8735;1
8761;8761;2
8762;8762;-2
8763;8763;-2
8764;8764;-2
8765;8765;-2
8766;8766;-2
8767;8767;2
8768;8768;2
8769;8769;-3
8770;8770;-3
8771;8771;-2
8772;8772;-2
8773;8773;2
8774;8774;2
8775;8775;-2
8776;8776;-2
8777;8777;-2
8778;8778;0
8779;8779;-1
8780;8780;1
8781;8781;1
8782;8782;1
8783;8783;0
8784;8784;4
8785;8785;3
8786;8786;4
8787;8787;5
8788;8788;-3
8789;8789;-2
8790;8790;-3
8791;8791;2
8792;8792;1
8793;8793;2
8794;8794;-2
8795;8795;1
8797;8797;0
8798;8798;-1
8799;8799;1
8800;8800;-1
8801;8801;1
8802;8802;-1
8803;8803;1
8822;8822;1
8824;8824;-2
8825;8825;-2
8827;8827;-2
8828;8828;2
8830;8830;-2
8831;8831;-2
8832;8832;2
8833;8833;2
8834;8834;-2
8835;8835;2
8839;8839;-1
8840;8840;1
8841;8841;-1
8842;8842;1
8855;8855;1
8861;8861;1
8863;8863;-2
8864;8864;2
8866;8866;2
8867;8867;1
8870;8870;2
8874;8874;1
8880;8880;-3
8884;8884;1
8885;8885;5
8887;8887;-2
8888;8888;2
8890;8890;-1
8891;8891;1
8892;8892;1
8894;8894;1
8902;8902;-2
8917;8917;3
8925;8925;1
8926;8926;1
8929;8929;1
8930;8930;1
8933;8933;2
8934;8934;-1
8936;8936;-2
8939;8939;2
8944;8944;-2
8945;8945;-2
8948;8948;1
8950;8950;-1
8957;8957;1
8959;8959;6
8962;8962;1
8965;8965;-2
8966;8966;-1
8967;8967;1
8968;8968;2
8969;8969;-2
8970;8970;-2
8971;8971;2
8975;8975;0
8976;8976;4
8977;8977;3
8978;8978;5
8979;8979;6
8980;8980;0
8981;8981;2
8983;8983;3
8985;8985;3
8986;8986;0
8987;8987;0
8988;8988;0
8989;8989;1
8993;8993;2
8994;8994;4
8999;8999;2
9000;9000;1
9002;9002;1
9003;9003;-1
9004;9004;1
9010;9010;0
9013;9013;0
9014;9014;-3
9015;9015;3
9022;9022;3
9028;9028;0
9043;9043;-2
9045;9045;3
9047;9047;2
9048;9048;-2
9051;9051;15
9057;9057;-13
9058;9058;-4
9062;9062;-8
9074;9074;-1
9075;9075;1
9076;9076;-13
9077;9077;-11
9079;9079;1
9087;9087;-2
9088;9088;2
9092;9092;-2
9093;9093;2
9097;9097;-2
9098;9098;-2
9099;9099;3
9100;9100;3
9109;9109;2
9112;9112;-1
9113;9113;1
9115;9115;-1
9116;9116;1
9119;9119;-2
9120;9120;2
9126;9126;1
9127;9127;-1
9148;9148;0
9154;9154;3
9155;9155;1
9176;9176;3
9188;9188;7
9189;9189;7
9196;9196;1
9197;9197;1
9207;9207;-3
9227;9227;-4
9244;9244;0
9250;9250;-2
9251;9251;3
9252;9252;-2
9253;9253;2
9264;9264;4
9265;9265;-2
9267;9267;-3
9269;9269;1
9270;9270;-1
9271;9271;-3
9272;9272;3
9273;9273;-2
9274;9274;1
9277;9277;1
9278;9278;1
9279;9279;0
9282;9282;2
9285;9285;-1
9286;9286;1
9287;9287;2
9297;9297;1
9298;9298;1
9299;9299;3
9300;9300;-1
9301;9301;-1
9302;9302;1
9305;9305;3
9319;9319;1
9320;9320;1
9322;9322;-1
9324;9324;-2
9325;9325;1
9327;9327;2
9328;9328;-2
9331;9331;1
9332;9332;2
9339;9339;6
9343;9343;6
9344;9344;6
9347;9347;1
9350;9350;6
9351;9351;5
9352;9352;5
9353;9353;5
9356;9356;5
9358;9358;6
9359;9359;6
9360;9360;6
9361;9361;6
9362;9362;6
9363;9363;-2
9364;9364;2
9365;9365;6
9366;9366;-2
9367;9367;2
9368;9368;0
9376;9376;2
9377;9377;2
9379;9379;2
9380;9380;-2
9382;9382;1
9383;9383;0
9384;9384;1
9385;9385;-1
9386;9386;-1
9387;9387;1
9389;9389;0
9391;9391;0
9392;9392;0
9394;9394;1
9395;9395;1
9401;9401;4
9407;9407;2
9409;9409;1
9411;9411;0
9412;9412;-1
9414;9414;-2
9415;9415;-4
9416;9416;-5
9419;9419;1
9420;9420;3
9422;9422;-11
9423;9423;-2
9424;9424;-4
9431;9431;1
9437;9437;2
9443;9443;-2
9459;9459;-1
9463;9463;3
9464;9464;2
9467;9467;5
9468;9468;4
9469;9469;1
9470;9470;1
9472;9472;0
9473;9473;2
9477;9477;2
9482;9482;0
9486;9486;0
9487;9487;3
9489;9489;-1
9490;9490;1
9493;9493;3
9496;9496;2
9497;9497;1
9504;9504;0
9505;9505;1
9506;9506;3
9507;9507;4
9510;9510;3
9511;9511;-2
9512;9512;4
9513;9513;0
9516;9516;0
9517;9517;2
9518;9518;-1
9519;9519;1
9520;9520;0
9522;9522;0
9523;9523;1
9530;9530;1
9531;9531;1
9532;9532;0
9533;9533;-2
9536;9536;-3
9539;9539;-2
9541;9541;-2
9542;9542;4
9544;9544;1
9545;9545;1
9546;9546;1
9547;9547;-3
9548;9548;0
9549;9549;0
9550;9550;0
9551;9551;0
9552;9552;1
9555;9555;0
9563;9563;0
9568;9568;0
9572;9572;0
9573;9573;1
9574;9574;0
9577;9577;-1
9578;9578;1
9579;9579;-2
9582;9582;2
9583;9583;-1
9584;9584;1
9589;9589;1
9590;9590;2
9591;9591;1
9592;9592;1
9593;9593;8
9594;9594;9
9595;9595;7
9596;9596;2
9597;9597;6
9598;9598;1
9599;9599;3
9600;9600;10
9607;9607;2
9608;9608;7
9609;9609;10
9610;9610;2
9611;9611;3
9619;9619;1
9625;9625;1
9626;9626;3
9628;9628;1
9629;9629;-1
9630;9630;5
9631;9631;4
9633;9633;1
9634;9634;3
9638;9638;1
9639;9639;-2
9643;9643;2
9644;9644;-4
9645;9645;0
9646;9646;-4
9648;9648;-5
9649;9649;-4
9650;9650;-3
9651;9651;-2
9652;9652;-1
9653;9653;0
9654;9654;1
9655;9655;2
9656;9656;3
9657;9657;4
9658;9658;5
9665;9665;-2
9666;9666;-2
9667;9667;-5
9668;9668;-4
9669;9669;-3
9670;9670;-2
9671;9671;-1
9672;9672;0
9673;9673;1
9674;9674;2
9675;9675;3
9676;9676;4
9677;9677;5
9680;9680;-2
9681;9681;4
9683;9683;0
9687;9687;-1
9688;9688;1
9689;9689;-1
9690;9690;1
9692;9692;-3
9693;9693;-2
9697;9697;-3
9698;9698;2
9699;9699;-2
9700;9700;1
9701;9701;3
9702;9702;4
9703;9703;1
9708;9708;-2
9709;9709;2
9714;9714;-2
9716;9716;0
9719;9719;3
9722;9722;5
9723;9723;4
9724;9724;3
9725;9725;2
9726;9726;1
9727;9727;0
9728;9728;-2
9729;9729;-3
9730;9730;-4
9731;9731;-5
9734;9734;-1
9735;9735;3
9736;9736;-2
9737;9737;1
9738;9738;-3
9739;9739;4
9740;9740;-4
9741;9741;2
9742;9742;-5
9743;9743;5
9744;9744;1
9745;9745;2
9746;9746;-5
9747;9747;-4
9751;9751;0
9754;9754;-1
9755;9755;0
9756;9756;-3
9758;9758;-2
9761;9761;-1
9762;9762;1
9763;9763;0
9764;9764;-1
9769;9769;-2
9770;9770;2
9771;9771;0
9772;9772;1
9773;9773;-1
9774;9774;1
9775;9775;1
9776;9776;-1
9779;9779;-1
9780;9780;1
9782;9782;-1
9783;9783;1
9784;9784;-1
9785;9785;1
9786;9786;-1
9787;9787;1
9790;9790;-1
9791;9791;-2
9792;9792;-1
9793;9793;-2
9800;9800;2
9801;9801;3
9802;9802;3
9803;9803;4
9804;9804;-1
9805;9805;1
9809;9809;-1
9810;9810;-2
9815;9815;-2
9816;9816;-1
9817;9817;-3
9818;9818;-4
9833;9833;2
9834;9834;2
9835;9835;2
9840;9840;3
9846;9846;-1
9847;9847;1
9853;9853;3
9854;9854;-1
9855;9855;1
9857;9857;-1
9858;9858;1
9862;9862;3
9870;9870;2
9871;9871;2
9872;9872;-2
9873;9873;2
9878;9878;-4
9879;9879;-2
9880;9880;2
9881;9881;4
9886;9886;-1
9887;9887;1
9888;9888;-1
9889;9889;1
9896;9896;-1
9897;9897;1
9903;9903;9
9905;9905;12
9908;9908;9
9909;9909;3
9910;9910;-3
